user_id,cluster,cluster_prob_0,cluster_prob_1,cluster_prob_2,cluster_prob_3,cluster_prob_4,cluster_prob_5,cluster_prob_6,cluster_prob_7,cluster_prob_8,cluster_prob_9
U0001,2,0.0,0.0,1.0,0.0,0.0,0.0,0.0,0.0,3.2747996475887768e-208,0.0
U0002,0,1.0,0.0,0.0,0.0,0.0,0.0,0.0,0.0,0.0,0.0
U0003,3,0.0,0.0,0.0,1.0,0.0,0.0,0.0,0.0,1.0729157720239798e-279,0.0
U0004,7,0.0,0.0,0.0,0.0,0.0,0.0,0.0,1.0,0.0,0.0
U0005,6,0.0,3.237202620859827e-184,0.0,0.0,0.0,0.0,1.0,0.0,0.0,0.0
U0006,0,1.0,0.0,0.0,0.0,0.0,0.0,0.0,0.0,0.0,0.0
U0007,2,0.0,0.0,1.0,0.0,0.0,0.0,0.0,0.0,0.0,0.0
U0008,4,0.0,8.871962771480994e-296,0.0,0.0,1.0,0.0,0.0,0.0,0.0,0.0
U0009,4,0.0,0.0,0.0,0.0,1.0,0.0,0.0,0.0,0.0,0.0
U0010,5,0.0,0.0,0.0,0.0,0.0,1.0,0.0,0.0,0.0,0.0
U0011,1,0.0,1.0,0.0,0.0,0.0,0.0,0.0,0.0,0.0,0.0
U0012,5,0.0,0.0,0.0,0.0,0.0,1.0,0.0,0.0,0.0,0.0
U0013,4,0.0,3.246957924790219e-123,0.0,0.0,1.0,0.0,0.0,0.0,0.0,0.0
U0014,1,0.0,1.0,0.0,0.0,0.0,0.0,0.0,0.0,0.0,0.0
U0015,2,0.0,0.0,1.0,0.0,0.0,0.0,0.0,0.0,1.5354651018751289e-155,0.0
U0016,7,0.0,0.0,0.0,0.0,0.0,0.0,0.0,1.0,0.0,0.0
U0017,0,1.0,0.0,0.0,0.0,0.0,0.0,0.0,0.0,2.9364717394291925e-300,0.0
U0018,7,0.0,0.0,0.0,0.0,0.0,0.0,0.0,1.0,0.0,0.0
U0019,6,0.0,0.0,0.0,0.0,0.0,0.0,1.0,0.0,0.0,0.0
U0020,4,0.0,1.125128952851244e-179,0.0,0.0,1.0,0.0,0.0,0.0,0.0,0.0
U0021,1,0.0,1.0,0.0,0.0,0.0,0.0,0.0,0.0,0.0,0.0
U0022,0,1.0,0.0,0.0,0.0,0.0,0.0,0.0,0.0,0.0,0.0
U0023,4,0.0,0.0,0.0,0.0,1.0,0.0,0.0,0.0,0.0,0.0
U0024,0,1.0,0.0,0.0,0.0,0.0,0.0,0.0,0.0,0.0,0.0
U0025,5,0.0,0.0,0.0,0.0,0.0,1.0,0.0,0.0,0.0,0.0
U0026,8,0.0,0.0,0.0,0.0,0.0,0.0,2.116236696056446e-221,0.0,1.0,0.0
U0027,1,0.0,1.0,0.0,0.0,0.0,0.0,3.4207169343151865e-231,0.0,0.0,0.0
U0028,7,0.0,0.0,0.0,0.0,0.0,0.0,0.0,1.0,5.215754061152931e-258,0.0
U0029,1,0.0,1.0,0.0,0.0,0.0,0.0,0.0,0.0,0.0,0.0
U0030,3,0.0,0.0,0.0,1.0,0.0,0.0,0.0,0.0,0.0,0.0
U0031,8,0.0,0.0,0.0,0.0,0.0,0.0,0.0,0.0,1.0,0.0
U0032,6,0.0,7.41162891038278e-87,0.0,0.0,0.0,0.0,1.0,0.0,0.0,0.0
U0033,4,0.0,0.0,0.0,0.0,1.0,0.0,0.0,0.0,0.0,0.0
U0034,8,0.0,0.0,0.0,0.0,0.0,0.0,0.0,0.0,1.0,0.0
U0035,7,0.0,5.751985001951259e-189,0.0,0.0,0.0,0.0,0.0,1.0,0.0,0.0
U0036,6,0.0,1.3069727807760894e-163,0.0,0.0,0.0,0.0,1.0,0.0,0.0,0.0
U0037,8,0.0,0.0,0.0,0.0,0.0,0.0,0.0,0.0,1.0,0.0
U0038,9,0.0,0.0,0.0,0.0,0.0,0.0,5.935312741914839e-277,0.0,0.0,1.0
U0039,9,0.0,0.0,0.0,0.0,0.0,0.0,0.0,0.0,0.0,1.0
U0040,1,0.0,1.0,0.0,0.0,0.0,0.0,0.0,0.0,0.0,0.0
U0041,4,0.0,1.3552074531200001e-303,0.0,0.0,1.0,0.0,0.0,0.0,0.0,0.0
U0042,6,0.0,1.1023212527406979e-134,0.0,0.0,0.0,0.0,1.0,0.0,0.0,0.0
U0043,1,0.0,1.0,0.0,0.0,0.0,0.0,0.0,0.0,0.0,0.0
U0044,4,0.0,0.0,0.0,0.0,1.0,0.0,0.0,0.0,0.0,0.0
U0045,8,0.0,0.0,0.0,0.0,0.0,0.0,0.0,0.0,1.0,0.0
U0046,8,0.0,0.0,0.0,0.0,0.0,0.0,1.0452467159678118e-203,0.0,1.0,0.0
U0047,6,0.0,3.645027415262689e-93,0.0,0.0,0.0,0.0,1.0,0.0,0.0,0.0
U0048,4,0.0,5.823733269204753e-147,0.0,0.0,1.0,0.0,0.0,0.0,0.0,0.0
U0049,2,0.0,0.0,1.0,0.0,0.0,0.0,0.0,0.0,0.0,0.0
U0050,6,0.0,0.0,0.0,0.0,0.0,0.0,1.0,0.0,0.0,0.0
U0051,5,0.0,0.0,0.0,0.0,0.0,1.0,0.0,0.0,5.48137936279023e-248,0.0
U0052,7,0.0,0.0,0.0,0.0,0.0,0.0,0.0,1.0,0.0,0.0
U0053,0,1.0,0.0,0.0,0.0,0.0,0.0,0.0,0.0,1.0160518117088325e-199,0.0
U0054,8,0.0,0.0,0.0,0.0,0.0,0.0,1.6279424531563993e-207,0.0,1.0,0.0
U0055,1,0.0,1.0,0.0,0.0,0.0,0.0,0.0,0.0,0.0,0.0
U0056,7,0.0,0.0,0.0,0.0,0.0,0.0,0.0,1.0,0.0,0.0
U0057,4,0.0,0.0,0.0,0.0,1.0,0.0,0.0,0.0,0.0,0.0
U0058,1,0.0,1.0,0.0,0.0,0.0,0.0,0.0,0.0,0.0,0.0
U0059,9,0.0,0.0,0.0,0.0,0.0,0.0,0.0,0.0,8.576842350653748e-277,1.0
U0060,9,0.0,0.0,0.0,0.0,0.0,0.0,0.0,0.0,1.5943358704589387e-266,1.0
U0061,8,0.0,0.0,0.0,0.0,0.0,0.0,0.0,0.0,1.0,0.0
U0062,4,0.0,0.0,0.0,0.0,1.0,0.0,0.0,0.0,0.0,0.0
U0063,7,0.0,0.0,0.0,0.0,0.0,0.0,0.0,1.0,1.397307952946052e-259,0.0
U0064,5,0.0,0.0,0.0,0.0,0.0,1.0,0.0,0.0,0.0,0.0
U0065,6,0.0,6.300098460925015e-101,0.0,0.0,0.0,0.0,1.0,0.0,0.0,0.0
U0066,4,0.0,0.0,0.0,0.0,1.0,0.0,0.0,0.0,0.0,0.0
U0067,3,0.0,0.0,0.0,1.0,0.0,0.0,9.138999740627394e-278,0.0,3.1194614924346096e-223,0.0
U0068,2,0.0,0.0,1.0,0.0,0.0,0.0,1.5865456279443396e-246,0.0,1.86788922e-315,0.0
U0069,3,0.0,0.0,0.0,1.0,0.0,0.0,0.0,0.0,0.0,0.0
U0070,0,1.0,0.0,0.0,0.0,0.0,0.0,0.0,0.0,0.0,0.0
U0071,6,0.0,3.188488637951186e-102,0.0,0.0,0.0,0.0,1.0,0.0,0.0,0.0
U0072,8,0.0,0.0,0.0,0.0,0.0,0.0,0.0,0.0,1.0,0.0
U0073,1,0.0,1.0,0.0,0.0,0.0,0.0,0.0,0.0,0.0,0.0
U0074,4,0.0,1.9750151225043033e-100,0.0,0.0,1.0,0.0,0.0,0.0,0.0,0.0
U0075,9,0.0,0.0,0.0,0.0,0.0,0.0,0.0,0.0,0.0,1.0
U0076,9,0.0,0.0,0.0,0.0,0.0,0.0,0.0,0.0,0.0,1.0
U0077,8,0.0,0.0,0.0,0.0,0.0,0.0,0.0,0.0,1.0,0.0
U0078,8,0.0,0.0,0.0,0.0,0.0,0.0,6.636887860432015e-300,0.0,1.0,0.0
U0079,4,0.0,5.202151103913699e-93,0.0,0.0,1.0,0.0,0.0,0.0,0.0,0.0
U0080,8,0.0,0.0,0.0,0.0,0.0,0.0,2.8465371677175745e-298,0.0,1.0,0.0
U0081,4,0.0,1.2376887142793415e-305,0.0,0.0,1.0,0.0,0.0,0.0,0.0,0.0
U0082,7,0.0,0.0,0.0,0.0,0.0,0.0,0.0,1.0,0.0,0.0
U0083,2,0.0,0.0,1.0,0.0,0.0,0.0,0.0,0.0,5.8505155170828e-310,0.0
U0084,1,0.0,1.0,0.0,0.0,0.0,0.0,0.0,0.0,0.0,0.0
U0085,2,0.0,0.0,1.0,0.0,0.0,0.0,1.6703901754978975e-192,0.0,0.0,0.0
U0086,4,0.0,5.784277653239249e-206,0.0,0.0,1.0,0.0,0.0,0.0,0.0,0.0
U0087,1,0.0,1.0,0.0,0.0,0.0,0.0,0.0,0.0,0.0,0.0
U0088,8,0.0,0.0,0.0,0.0,0.0,0.0,0.0,0.0,1.0,0.0
U0089,8,0.0,0.0,0.0,0.0,0.0,0.0,0.0,0.0,1.0,0.0
U0090,5,0.0,0.0,0.0,0.0,0.0,1.0,0.0,0.0,9.55735e-319,0.0
U0091,6,0.0,4.2207841362025785e-169,0.0,0.0,0.0,0.0,1.0,0.0,0.0,0.0
U0092,3,0.0,0.0,0.0,1.0,0.0,0.0,0.0,0.0,0.0,0.0
U0093,1,0.0,1.0,0.0,0.0,0.0,0.0,0.0,0.0,0.0,0.0
U0094,7,0.0,0.0,0.0,0.0,0.0,0.0,0.0,1.0,0.0,0.0
U0095,8,0.0,0.0,0.0,0.0,0.0,0.0,1.151476511245456e-211,0.0,1.0,0.0
U0096,4,0.0,0.0,0.0,0.0,1.0,0.0,0.0,0.0,0.0,0.0
U0097,8,0.0,0.0,0.0,0.0,0.0,0.0,0.0,0.0,1.0,0.0
U0098,1,0.0,1.0,0.0,0.0,0.0,0.0,0.0,0.0,0.0,0.0
U0099,3,0.0,0.0,0.0,1.0,0.0,0.0,0.0,0.0,0.0,0.0
U0100,2,0.0,0.0,1.0,0.0,0.0,0.0,0.0,0.0,8.474274008885956e-309,0.0
U0101,8,0.0,0.0,0.0,0.0,0.0,0.0,0.0,0.0,1.0,0.0
U0102,8,0.0,0.0,0.0,0.0,0.0,0.0,0.0,0.0,1.0,0.0
U0103,1,0.0,1.0,0.0,0.0,0.0,0.0,0.0,0.0,0.0,0.0
U0104,8,0.0,0.0,0.0,0.0,0.0,0.0,0.0,0.0,1.0,0.0
U0105,0,1.0,0.0,0.0,0.0,0.0,0.0,0.0,0.0,1.7671562959151992e-249,0.0
U0106,5,0.0,0.0,0.0,0.0,0.0,1.0,0.0,0.0,0.0,0.0
U0107,3,0.0,0.0,0.0,1.0,0.0,0.0,0.0,0.0,0.0,0.0
U0108,0,1.0,0.0,0.0,0.0,0.0,0.0,0.0,0.0,0.0,0.0
U0109,1,0.0,1.0,0.0,0.0,0.0,0.0,0.0,0.0,0.0,0.0
U0110,3,0.0,0.0,0.0,1.0,0.0,0.0,0.0,0.0,0.0,0.0
U0111,4,0.0,3.13639143815466e-226,0.0,0.0,1.0,0.0,0.0,0.0,0.0,0.0
U0112,1,0.0,1.0,0.0,0.0,0.0,0.0,1.6552146332043032e-257,0.0,0.0,0.0
U0113,5,0.0,0.0,0.0,0.0,0.0,1.0,0.0,0.0,0.0,0.0
U0114,1,0.0,1.0,0.0,0.0,0.0,0.0,0.0,0.0,0.0,0.0
U0115,4,0.0,2.3565262610129747e-145,0.0,0.0,1.0,0.0,0.0,0.0,0.0,0.0
U0116,7,0.0,0.0,0.0,0.0,0.0,0.0,0.0,1.0,0.0,0.0
U0117,0,1.0,0.0,0.0,0.0,0.0,0.0,0.0,0.0,0.0,0.0
U0118,2,0.0,0.0,1.0,0.0,0.0,0.0,0.0,0.0,5.679181079215518e-189,0.0
U0119,4,0.0,0.0,0.0,0.0,1.0,0.0,0.0,0.0,0.0,0.0
U0120,8,0.0,0.0,0.0,0.0,0.0,0.0,0.0,0.0,1.0,0.0
U0121,6,0.0,2.267200251510991e-86,0.0,0.0,0.0,0.0,1.0,0.0,0.0,0.0
U0122,3,0.0,0.0,0.0,1.0,0.0,0.0,1.5448792059482812e-299,0.0,2.6640798081e-313,0.0
U0123,0,1.0,0.0,0.0,0.0,0.0,0.0,0.0,0.0,0.0,0.0
U0124,8,0.0,0.0,0.0,0.0,0.0,0.0,5.164702972154e-312,0.0,1.0,0.0
U0125,6,0.0,0.0,0.0,0.0,0.0,0.0,1.0,0.0,1.0757005439316792e-223,0.0
U0126,6,0.0,0.0,0.0,0.0,0.0,0.0,1.0,0.0,0.0,0.0
U0127,3,0.0,0.0,0.0,1.0,0.0,0.0,0.0,0.0,3.3963808739128965e-259,0.0
U0128,9,0.0,0.0,0.0,0.0,0.0,0.0,2.690251936403483e-279,0.0,9.608539397054644e-280,1.0
U0129,1,0.0,1.0,0.0,0.0,0.0,0.0,0.0,0.0,0.0,0.0
U0130,6,0.0,1.5831687417305297e-113,0.0,0.0,0.0,0.0,1.0,0.0,0.0,0.0
U0131,8,0.0,0.0,0.0,0.0,0.0,0.0,0.0,0.0,1.0,0.0
U0132,0,1.0,0.0,0.0,0.0,0.0,0.0,0.0,0.0,1.862088393343254e-244,0.0
U0133,0,1.0,0.0,0.0,0.0,0.0,0.0,0.0,0.0,0.0,0.0
U0134,8,0.0,0.0,0.0,0.0,0.0,0.0,1.0673277823435347e-194,0.0,1.0,0.0
U0135,8,0.0,0.0,0.0,0.0,0.0,0.0,0.0,0.0,1.0,0.0
U0136,4,0.0,7.94188581054717e-88,0.0,0.0,1.0,0.0,0.0,0.0,0.0,0.0
U0137,5,0.0,0.0,0.0,0.0,0.0,1.0,0.0,0.0,1.0184358045971186e-247,0.0
U0138,5,0.0,0.0,0.0,0.0,0.0,1.0,0.0,0.0,0.0,0.0
U0139,2,0.0,0.0,1.0,0.0,0.0,0.0,0.0,0.0,0.0,0.0
U0140,2,0.0,0.0,1.0,0.0,0.0,0.0,1.2695932858880647e-264,0.0,5.297354672882999e-224,0.0
U0141,5,0.0,0.0,0.0,0.0,0.0,1.0,0.0,0.0,0.0,0.0
U0142,8,0.0,0.0,0.0,0.0,0.0,0.0,7.739072945200729e-98,0.0,1.0,0.0
U0143,1,0.0,1.0,0.0,0.0,0.0,0.0,0.0,0.0,0.0,0.0
U0144,4,0.0,6.156369417502372e-121,0.0,0.0,1.0,0.0,0.0,0.0,0.0,0.0
U0145,8,0.0,0.0,0.0,0.0,0.0,0.0,0.0,0.0,1.0,0.0
U0146,6,0.0,2.384245079989139e-118,0.0,0.0,0.0,0.0,1.0,0.0,0.0,0.0
U0147,6,0.0,7.93207724545025e-77,0.0,0.0,0.0,0.0,1.0,0.0,0.0,0.0
U0148,9,0.0,0.0,0.0,0.0,0.0,0.0,2.802099711757973e-203,0.0,1.3207506612251277e-235,1.0
U0149,1,0.0,1.0,0.0,0.0,0.0,0.0,0.0,0.0,0.0,0.0
U0150,0,1.0,0.0,0.0,0.0,0.0,0.0,0.0,0.0,0.0,0.0
U0151,3,0.0,0.0,0.0,1.0,0.0,0.0,0.0,0.0,0.0,0.0
U0152,2,0.0,0.0,1.0,0.0,0.0,0.0,0.0,0.0,0.0,0.0
U0153,2,0.0,0.0,1.0,0.0,0.0,0.0,0.0,0.0,3.0241512643809205e-168,0.0
U0154,1,0.0,1.0,0.0,0.0,0.0,0.0,0.0,0.0,0.0,0.0
U0155,1,0.0,1.0,0.0,0.0,0.0,0.0,0.0,0.0,0.0,0.0
U0156,0,1.0,0.0,0.0,0.0,0.0,0.0,0.0,0.0,0.0,0.0
U0157,1,0.0,1.0,0.0,0.0,0.0,0.0,0.0,0.0,0.0,0.0
U0158,7,0.0,0.0,0.0,0.0,0.0,0.0,0.0,1.0,0.0,0.0
U0159,7,0.0,0.0,0.0,0.0,0.0,0.0,0.0,1.0,4.996368676368507e-249,0.0
U0160,0,1.0,0.0,0.0,0.0,0.0,0.0,0.0,0.0,0.0,0.0
U0161,7,0.0,0.0,0.0,0.0,0.0,0.0,0.0,1.0,0.0,0.0
U0162,5,0.0,0.0,0.0,0.0,0.0,1.0,0.0,0.0,0.0,0.0
U0163,2,0.0,0.0,1.0,0.0,0.0,0.0,0.0,0.0,3.29014188588381e-185,0.0
U0164,0,1.0,0.0,0.0,0.0,0.0,0.0,0.0,0.0,0.0,0.0
U0165,5,0.0,5.10473471973237e-228,0.0,0.0,0.0,1.0,0.0,0.0,0.0,0.0
U0166,5,0.0,0.0,0.0,0.0,0.0,1.0,0.0,0.0,7.156103341079186e-303,0.0
U0167,1,0.0,1.0,0.0,0.0,0.0,0.0,1.6459420887178443e-272,0.0,0.0,0.0
U0168,7,0.0,0.0,0.0,0.0,0.0,0.0,0.0,1.0,0.0,0.0
U0169,7,0.0,0.0,0.0,0.0,0.0,0.0,0.0,1.0,0.0,0.0
U0170,2,0.0,0.0,1.0,0.0,0.0,0.0,0.0,0.0,0.0,0.0
U0171,3,0.0,2.0742674530514422e-196,0.0,1.0,0.0,0.0,0.0,0.0,0.0,0.0
U0172,5,0.0,0.0,0.0,0.0,0.0,1.0,0.0,0.0,0.0,0.0
U0173,6,0.0,0.0,0.0,0.0,0.0,0.0,1.0,0.0,0.0,0.0
U0174,4,0.0,0.0,0.0,0.0,1.0,0.0,0.0,0.0,0.0,0.0
U0175,2,0.0,8.727412533207323e-137,1.0,0.0,0.0,0.0,3.0803636009315584e-302,0.0,0.0,0.0
U0176,2,0.0,0.0,1.0,0.0,0.0,0.0,0.0,0.0,7.105703555039231e-296,0.0
U0177,3,0.0,0.0,0.0,1.0,0.0,0.0,0.0,0.0,7.811948425154986e-295,0.0
U0178,1,0.0,1.0,0.0,0.0,0.0,0.0,7.874658112199154e-213,0.0,0.0,0.0
U0179,4,0.0,0.0,0.0,0.0,1.0,0.0,0.0,0.0,0.0,0.0
U0180,5,0.0,0.0,0.0,0.0,0.0,1.0,0.0,0.0,0.0,0.0
U0181,6,0.0,3.370311107526511e-99,0.0,0.0,0.0,0.0,1.0,0.0,0.0,0.0
U0182,6,0.0,2.2083154869067296e-130,0.0,0.0,0.0,0.0,1.0,0.0,0.0,0.0
U0183,4,0.0,4.19020761732364e-47,0.0,0.0,1.0,0.0,0.0,0.0,0.0,0.0
U0184,5,0.0,0.0,0.0,0.0,0.0,1.0,0.0,0.0,2.273784040893754e-195,0.0
U0185,6,0.0,7.99986337850561e-102,0.0,0.0,0.0,0.0,1.0,0.0,0.0,0.0
U0186,8,0.0,0.0,0.0,0.0,0.0,0.0,0.0,0.0,1.0,0.0
U0187,1,0.0,1.0,0.0,0.0,0.0,0.0,0.0,0.0,0.0,0.0
U0188,5,0.0,3.174964864257098e-186,0.0,0.0,0.0,1.0,0.0,0.0,0.0,0.0
U0189,4,0.0,1.9918574168221593e-88,0.0,0.0,1.0,0.0,0.0,0.0,0.0,0.0
U0190,2,0.0,0.0,1.0,0.0,0.0,0.0,6.114573911271546e-170,0.0,6.486695867524071e-256,0.0
U0191,4,0.0,7.513254449270896e-212,0.0,0.0,1.0,0.0,0.0,0.0,0.0,0.0
U0192,1,0.0,1.0,0.0,0.0,0.0,0.0,0.0,0.0,0.0,0.0
U0193,2,0.0,0.0,1.0,0.0,0.0,0.0,2.4412791493663e-311,0.0,1.2645803833406022e-249,0.0
U0194,3,0.0,0.0,0.0,1.0,0.0,0.0,0.0,0.0,0.0,0.0
U0195,0,1.0,0.0,0.0,0.0,0.0,0.0,0.0,0.0,0.0,0.0
U0196,9,0.0,0.0,0.0,0.0,0.0,0.0,4.2296892225669163e-191,0.0,0.0,1.0
U0197,1,0.0,1.0,0.0,0.0,0.0,0.0,6.919782106539964e-274,0.0,0.0,0.0
U0198,1,0.0,1.0,0.0,0.0,0.0,0.0,5.403995578782548e-229,0.0,0.0,0.0
U0199,7,0.0,0.0,0.0,0.0,0.0,0.0,0.0,1.0,0.0,0.0
U0200,6,0.0,1.1922074261527194e-115,0.0,0.0,0.0,0.0,1.0,0.0,0.0,0.0
U0201,5,0.0,0.0,0.0,0.0,0.0,1.0,0.0,0.0,1.3999102973726444e-272,0.0
U0202,0,1.0,0.0,0.0,0.0,0.0,0.0,0.0,0.0,0.0,0.0
U0203,3,0.0,0.0,0.0,1.0,0.0,0.0,0.0,0.0,0.0,0.0
U0204,0,1.0,0.0,0.0,0.0,0.0,0.0,0.0,0.0,0.0,0.0
U0205,5,0.0,0.0,0.0,0.0,0.0,1.0,0.0,0.0,0.0,0.0
U0206,2,0.0,0.0,1.0,0.0,0.0,0.0,0.0,0.0,0.0,0.0
U0207,6,0.0,5.381484153975658e-113,0.0,0.0,0.0,0.0,1.0,0.0,0.0,0.0
U0208,4,0.0,0.0,0.0,0.0,1.0,0.0,0.0,0.0,0.0,0.0
U0209,1,0.0,1.0,0.0,0.0,0.0,0.0,1.9474575867263032e-132,0.0,0.0,0.0
U0210,9,0.0,0.0,0.0,0.0,0.0,0.0,0.0,0.0,0.0,1.0
U0211,1,0.0,1.0,0.0,0.0,0.0,0.0,0.0,0.0,0.0,0.0
U0212,6,0.0,0.0,0.0,0.0,0.0,0.0,1.0,0.0,5.2216523112477887e-253,0.0
U0213,9,0.0,0.0,0.0,0.0,0.0,0.0,0.0,0.0,0.0,1.0
U0214,2,0.0,0.0,1.0,0.0,0.0,0.0,0.0,0.0,1.876283e-318,0.0
U0215,6,0.0,0.0,0.0,0.0,0.0,0.0,1.0,0.0,7.39209191039491e-233,0.0
U0216,6,0.0,7.192893498152587e-117,0.0,0.0,0.0,0.0,1.0,0.0,0.0,0.0
U0217,0,1.0,0.0,0.0,0.0,0.0,0.0,0.0,0.0,2.751779052658683e-236,0.0
U0218,1,0.0,1.0,0.0,0.0,0.0,0.0,0.0,0.0,0.0,0.0
U0219,8,0.0,0.0,0.0,0.0,0.0,0.0,7.694129125285237e-259,0.0,1.0,0.0
U0220,6,0.0,0.0,0.0,0.0,0.0,0.0,1.0,0.0,1.3703375e-317,0.0
U0221,6,0.0,6.765787387614977e-89,0.0,0.0,0.0,0.0,1.0,0.0,0.0,0.0
U0222,0,1.0,0.0,0.0,0.0,0.0,0.0,0.0,0.0,0.0,0.0
U0223,0,1.0,0.0,0.0,0.0,0.0,0.0,0.0,0.0,0.0,0.0
U0224,2,0.0,0.0,1.0,0.0,0.0,0.0,0.0,0.0,0.0,0.0
U0225,8,0.0,0.0,0.0,0.0,0.0,0.0,7.295944862216393e-286,0.0,1.0,0.0
U0226,6,0.0,5.876594557558764e-125,0.0,0.0,0.0,0.0,1.0,0.0,0.0,0.0
U0227,2,0.0,0.0,1.0,0.0,0.0,0.0,1.8188677847025752e-301,0.0,0.0,0.0
U0228,9,0.0,0.0,0.0,0.0,0.0,0.0,0.0,0.0,6.0038720760191336e-266,1.0
U0229,3,0.0,0.0,0.0,1.0,0.0,0.0,0.0,0.0,7.854425389897432e-272,0.0
U0230,5,0.0,0.0,0.0,0.0,0.0,1.0,0.0,0.0,0.0,0.0
U0231,0,1.0,0.0,0.0,0.0,0.0,0.0,0.0,0.0,0.0,0.0
U0232,7,0.0,0.0,0.0,0.0,0.0,0.0,0.0,1.0,0.0,0.0
U0233,8,0.0,0.0,0.0,0.0,0.0,0.0,8.986611207661679e-226,0.0,1.0,0.0
U0234,4,0.0,8.433239452112522e-258,0.0,0.0,1.0,0.0,0.0,0.0,0.0,0.0
U0235,6,0.0,2.3539881746543745e-71,0.0,0.0,0.0,0.0,1.0,0.0,0.0,0.0
U0236,5,0.0,0.0,0.0,0.0,0.0,1.0,0.0,0.0,0.0,0.0
U0237,9,0.0,0.0,0.0,0.0,0.0,0.0,0.0,0.0,0.0,1.0
U0238,1,0.0,1.0,0.0,0.0,0.0,0.0,0.0,0.0,0.0,0.0
U0239,8,0.0,0.0,0.0,0.0,0.0,0.0,0.0,0.0,1.0,0.0
U0240,4,0.0,1.597368896043269e-113,0.0,0.0,1.0,0.0,0.0,0.0,0.0,0.0
U0241,5,0.0,0.0,0.0,0.0,0.0,1.0,0.0,0.0,0.0,0.0
U0242,3,0.0,0.0,0.0,1.0,0.0,0.0,0.0,0.0,1.3663740507202096e-275,0.0
U0243,6,0.0,2.8150276199010197e-86,0.0,0.0,0.0,0.0,1.0,0.0,0.0,0.0
U0244,5,0.0,0.0,0.0,0.0,0.0,1.0,0.0,0.0,0.0,0.0
U0245,8,0.0,0.0,0.0,0.0,0.0,0.0,9.386943848e-314,0.0,1.0,0.0
U0246,0,1.0,0.0,0.0,0.0,0.0,0.0,0.0,0.0,6.698394386932899e-283,0.0
U0247,2,0.0,0.0,1.0,0.0,0.0,0.0,3.0330232528974286e-289,0.0,2.5079363331132924e-252,0.0
U0248,7,0.0,0.0,0.0,0.0,0.0,0.0,0.0,1.0,9.341133711487984e-232,0.0
U0249,0,1.0,0.0,0.0,0.0,0.0,0.0,0.0,0.0,0.0,0.0
U0250,8,0.0,0.0,0.0,0.0,0.0,0.0,0.0,0.0,1.0,0.0
U0251,8,0.0,0.0,0.0,0.0,0.0,0.0,1.5885865246046197e-120,0.0,1.0,0.0
U0252,8,0.0,0.0,0.0,0.0,0.0,0.0,0.0,0.0,1.0,0.0
U0253,6,0.0,0.0,0.0,0.0,0.0,0.0,1.0,0.0,0.0,0.0
U0254,6,0.0,1.1013171978261198e-99,0.0,0.0,0.0,0.0,1.0,0.0,0.0,0.0
U0255,9,0.0,0.0,0.0,0.0,0.0,0.0,0.0,0.0,1.5e-323,1.0
U0256,6,0.0,0.0,0.0,0.0,0.0,0.0,1.0,0.0,0.0,0.0
U0257,5,0.0,0.0,0.0,0.0,0.0,1.0,0.0,0.0,0.0,0.0
U0258,5,0.0,0.0,0.0,0.0,0.0,1.0,0.0,0.0,0.0,0.0
U0259,6,0.0,2.553930375627391e-116,0.0,0.0,0.0,0.0,1.0,0.0,0.0,0.0
U0260,0,1.0,0.0,0.0,0.0,0.0,0.0,0.0,0.0,0.0,0.0
U0261,2,0.0,0.0,1.0,0.0,0.0,0.0,0.0,0.0,5.3713784e-317,0.0
U0262,6,0.0,0.0,0.0,0.0,0.0,0.0,1.0,0.0,1.1253936940470752e-244,0.0
U0263,1,0.0,1.0,0.0,0.0,0.0,0.0,0.0,0.0,0.0,0.0
U0264,5,0.0,0.0,0.0,0.0,0.0,1.0,0.0,0.0,1.5152205051658294e-236,0.0
U0265,1,0.0,1.0,0.0,0.0,0.0,0.0,0.0,0.0,0.0,0.0
U0266,7,0.0,0.0,0.0,0.0,0.0,0.0,0.0,1.0,0.0,0.0
U0267,4,0.0,9.985189703012111e-102,0.0,0.0,1.0,0.0,0.0,0.0,0.0,0.0
U0268,9,0.0,0.0,0.0,0.0,0.0,0.0,0.0,0.0,4.77170653285261e-199,1.0
U0269,0,1.0,0.0,0.0,0.0,0.0,0.0,0.0,0.0,0.0,0.0
U0270,1,0.0,1.0,0.0,0.0,0.0,0.0,0.0,0.0,0.0,0.0
U0271,3,0.0,0.0,0.0,1.0,0.0,0.0,0.0,0.0,0.0,0.0
U0272,4,0.0,0.0,0.0,0.0,1.0,0.0,0.0,0.0,0.0,0.0
U0273,7,0.0,0.0,0.0,0.0,0.0,0.0,0.0,1.0,2.8899626736317242e-260,0.0
U0274,0,1.0,0.0,0.0,0.0,0.0,0.0,0.0,0.0,0.0,0.0
U0275,4,0.0,0.0,0.0,0.0,1.0,0.0,0.0,0.0,0.0,0.0
U0276,8,0.0,0.0,0.0,0.0,0.0,0.0,0.0,0.0,1.0,0.0
U0277,3,0.0,0.0,0.0,1.0,0.0,0.0,0.0,0.0,0.0,0.0
U0278,2,0.0,0.0,1.0,0.0,0.0,0.0,0.0,0.0,0.0,0.0
U0279,1,0.0,1.0,0.0,0.0,0.0,0.0,0.0,0.0,0.0,0.0
U0280,8,0.0,0.0,0.0,0.0,0.0,0.0,0.0,0.0,1.0,0.0
U0281,4,0.0,0.0,0.0,0.0,1.0,0.0,0.0,0.0,0.0,0.0
U0282,2,0.0,0.0,1.0,0.0,0.0,0.0,0.0,0.0,0.0,0.0
U0283,3,0.0,0.0,0.0,1.0,0.0,0.0,0.0,0.0,0.0,0.0
U0284,8,0.0,0.0,0.0,0.0,0.0,0.0,2.6218921914642268e-306,0.0,1.0,0.0
U0285,3,0.0,0.0,0.0,1.0,0.0,0.0,2.810655183166968e-273,0.0,0.0,0.0
U0286,3,0.0,0.0,0.0,1.0,0.0,0.0,0.0,0.0,0.0,0.0
U0287,3,0.0,0.0,0.0,1.0,0.0,0.0,0.0,0.0,0.0,0.0
U0288,3,0.0,3.275679807724471e-151,0.0,1.0,0.0,0.0,0.0,0.0,0.0,0.0
U0289,0,1.0,0.0,0.0,0.0,0.0,0.0,0.0,0.0,0.0,0.0
U0290,4,0.0,1.7524513341626083e-81,0.0,0.0,1.0,0.0,0.0,0.0,0.0,0.0
U0291,0,1.0,0.0,0.0,0.0,0.0,0.0,0.0,0.0,1.0002850352120623e-264,0.0
U0292,2,0.0,0.0,1.0,0.0,0.0,0.0,0.0,0.0,3.75829195148516e-224,0.0
U0293,8,0.0,0.0,0.0,0.0,0.0,0.0,0.0,0.0,1.0,0.0
U0294,6,0.0,4.883650052979834e-89,0.0,0.0,0.0,0.0,1.0,0.0,0.0,0.0
U0295,5,0.0,0.0,0.0,0.0,0.0,1.0,1.8032067955522577e-306,0.0,1.5119787004167205e-229,0.0
U0296,5,0.0,0.0,0.0,0.0,0.0,1.0,0.0,0.0,0.0,0.0
U0297,5,0.0,0.0,0.0,0.0,0.0,1.0,0.0,0.0,2.609186842144505e-274,0.0
U0298,6,0.0,1.3280590719993558e-89,0.0,0.0,0.0,0.0,1.0,0.0,0.0,0.0
U0299,1,0.0,1.0,0.0,0.0,0.0,0.0,0.0,0.0,0.0,0.0
U0300,8,0.0,0.0,0.0,0.0,0.0,0.0,0.0,0.0,1.0,0.0
U0301,4,0.0,0.0,0.0,0.0,1.0,0.0,0.0,0.0,0.0,0.0
U0302,9,0.0,0.0,0.0,0.0,0.0,0.0,0.0,0.0,0.0,1.0
U0303,5,0.0,0.0,0.0,0.0,0.0,1.0,2.2340801030467713e-304,0.0,0.0,0.0
U0304,7,0.0,0.0,0.0,0.0,0.0,0.0,0.0,1.0,0.0,0.0
U0305,6,0.0,0.0,0.0,0.0,0.0,0.0,1.0,0.0,2.5497718442095118e-189,0.0
U0306,7,0.0,0.0,0.0,0.0,0.0,0.0,0.0,1.0,0.0,0.0
U0307,1,0.0,1.0,0.0,0.0,0.0,0.0,8.685458487019011e-132,0.0,0.0,0.0
U0308,6,0.0,6.136996718337157e-94,0.0,0.0,0.0,0.0,1.0,0.0,0.0,0.0
U0309,4,0.0,0.0,0.0,0.0,1.0,0.0,0.0,0.0,0.0,0.0
U0310,3,0.0,0.0,0.0,1.0,0.0,0.0,0.0,0.0,0.0,0.0
U0311,8,0.0,0.0,0.0,0.0,0.0,0.0,2.035628616643454e-160,0.0,1.0,0.0
U0312,0,1.0,0.0,0.0,0.0,0.0,0.0,0.0,0.0,0.0,0.0
U0313,0,1.0,0.0,0.0,0.0,0.0,0.0,0.0,0.0,1.7231247895e-313,0.0
U0314,4,0.0,3.129777457142977e-146,0.0,0.0,1.0,0.0,0.0,0.0,0.0,0.0
U0315,1,0.0,1.0,0.0,0.0,0.0,0.0,5.618298500451237e-89,0.0,0.0,0.0
U0316,1,0.0,1.0,0.0,0.0,0.0,0.0,0.0,0.0,0.0,0.0
U0317,4,0.0,0.0,0.0,0.0,1.0,0.0,0.0,0.0,0.0,0.0
U0318,5,0.0,0.0,0.0,0.0,0.0,1.0,0.0,0.0,7.784399638536091e-262,0.0
U0319,1,0.0,1.0,0.0,0.0,0.0,0.0,2.965164269572243e-236,0.0,0.0,0.0
U0320,1,0.0,1.0,0.0,0.0,0.0,0.0,0.0,0.0,0.0,0.0
U0321,7,0.0,0.0,0.0,0.0,0.0,0.0,0.0,1.0,1.979670356909374e-288,0.0
U0322,8,0.0,0.0,0.0,0.0,0.0,0.0,1.0876806464760977e-120,0.0,1.0,0.0
U0323,5,0.0,0.0,0.0,0.0,0.0,1.0,0.0,0.0,0.0,0.0
U0324,5,0.0,0.0,0.0,0.0,0.0,1.0,0.0,0.0,0.0,0.0
U0325,9,0.0,0.0,0.0,0.0,0.0,0.0,0.0,0.0,0.0,1.0
U0326,3,0.0,0.0,0.0,1.0,0.0,0.0,0.0,0.0,0.0,0.0
U0327,6,0.0,0.0,0.0,0.0,0.0,0.0,1.0,0.0,1.5850729936911002e-216,0.0
U0328,4,0.0,1.8337472606043157e-233,0.0,0.0,1.0,0.0,0.0,0.0,0.0,0.0
U0329,9,0.0,0.0,0.0,0.0,0.0,0.0,1.65e-321,0.0,0.0,1.0
U0330,4,0.0,0.0,0.0,0.0,1.0,0.0,0.0,0.0,0.0,0.0
U0331,1,0.0,1.0,0.0,0.0,0.0,0.0,7.222138023095816e-189,0.0,0.0,0.0
U0332,6,0.0,2.4448693162178253e-65,0.0,0.0,0.0,0.0,1.0,0.0,0.0,0.0
U0333,8,0.0,0.0,0.0,0.0,0.0,0.0,0.0,0.0,1.0,0.0
U0334,2,0.0,0.0,1.0,0.0,0.0,0.0,2.994454025450007e-271,0.0,9.10748147371874e-266,0.0
U0335,2,0.0,2.8123745164025355e-238,1.0,0.0,0.0,0.0,0.0,0.0,0.0,0.0
U0336,1,0.0,1.0,0.0,0.0,0.0,0.0,0.0,0.0,0.0,0.0
U0337,4,0.0,0.0,0.0,0.0,1.0,0.0,0.0,0.0,0.0,0.0
U0338,5,0.0,0.0,0.0,0.0,0.0,1.0,0.0,0.0,0.0,0.0
U0339,8,0.0,0.0,0.0,0.0,0.0,0.0,5.557045864120536e-217,0.0,1.0,0.0
U0340,9,0.0,0.0,0.0,0.0,0.0,0.0,0.0,0.0,0.0,1.0
U0341,1,0.0,1.0,0.0,0.0,0.0,0.0,0.0,0.0,0.0,0.0
U0342,8,0.0,0.0,0.0,0.0,0.0,0.0,0.0,0.0,1.0,0.0
U0343,1,0.0,1.0,0.0,0.0,0.0,0.0,1.2169217258765623e-240,0.0,0.0,0.0
U0344,1,0.0,1.0,0.0,0.0,0.0,0.0,0.0,0.0,0.0,0.0
U0345,3,0.0,0.0,0.0,1.0,0.0,0.0,0.0,0.0,0.0,0.0
U0346,2,0.0,5.411687316249592e-124,1.0,0.0,0.0,0.0,5.439898324110351e-304,0.0,0.0,0.0
U0347,5,0.0,8.343413813609757e-205,0.0,0.0,0.0,1.0,0.0,0.0,0.0,0.0
U0348,6,0.0,0.0,0.0,0.0,0.0,0.0,1.0,0.0,0.0,0.0
U0349,1,0.0,1.0,0.0,0.0,0.0,0.0,0.0,0.0,0.0,0.0
U0350,1,0.0,1.0,0.0,0.0,0.0,0.0,1.0403071457450633e-212,0.0,0.0,0.0
U0351,6,0.0,2.1999114136662293e-135,0.0,0.0,0.0,0.0,1.0,0.0,0.0,0.0
U0352,1,0.0,1.0,0.0,0.0,0.0,0.0,0.0,0.0,0.0,0.0
U0353,9,0.0,0.0,0.0,0.0,0.0,0.0,0.0,0.0,0.0,1.0
U0354,0,1.0,0.0,0.0,0.0,0.0,0.0,0.0,0.0,0.0,0.0
U0355,4,0.0,0.0,0.0,0.0,1.0,0.0,0.0,0.0,0.0,0.0
U0356,3,0.0,0.0,0.0,1.0,0.0,0.0,0.0,0.0,0.0,0.0
U0357,2,0.0,0.0,1.0,0.0,0.0,0.0,4.388662042285709e-263,0.0,0.0,0.0
U0358,7,0.0,0.0,0.0,0.0,0.0,0.0,0.0,1.0,0.0,0.0
U0359,4,0.0,0.0,0.0,0.0,1.0,0.0,0.0,0.0,0.0,0.0
U0360,8,0.0,0.0,0.0,0.0,0.0,0.0,2.368814792711881e-188,0.0,1.0,0.0
U0361,6,0.0,1.8996381813045687e-103,0.0,0.0,0.0,0.0,1.0,0.0,0.0,0.0
U0362,0,1.0,0.0,0.0,0.0,0.0,0.0,0.0,0.0,0.0,0.0
U0363,1,0.0,1.0,0.0,0.0,0.0,0.0,0.0,0.0,0.0,0.0
U0364,1,0.0,1.0,0.0,0.0,0.0,0.0,1.2388608638091623e-159,0.0,0.0,0.0
U0365,1,0.0,1.0,0.0,0.0,0.0,0.0,0.0,0.0,0.0,0.0
U0366,6,0.0,0.0,0.0,0.0,0.0,0.0,1.0,0.0,2.381029966119955e-233,0.0
U0367,8,0.0,0.0,0.0,0.0,0.0,0.0,6.027891546398173e-220,0.0,1.0,0.0
U0368,4,0.0,0.0,0.0,0.0,1.0,0.0,0.0,0.0,0.0,0.0
U0369,0,1.0,0.0,0.0,0.0,0.0,0.0,0.0,0.0,0.0,0.0
U0370,5,0.0,0.0,0.0,0.0,0.0,1.0,0.0,0.0,0.0,0.0
U0371,7,0.0,0.0,0.0,0.0,0.0,0.0,0.0,1.0,0.0,0.0
U0372,5,0.0,0.0,0.0,0.0,0.0,1.0,0.0,0.0,0.0,0.0
U0373,1,0.0,1.0,0.0,0.0,0.0,0.0,1.2109233569155371e-244,0.0,0.0,0.0
U0374,8,0.0,0.0,0.0,0.0,0.0,0.0,0.0,0.0,1.0,0.0
U0375,3,0.0,0.0,0.0,1.0,0.0,0.0,0.0,0.0,0.0,0.0
U0376,9,0.0,0.0,0.0,0.0,0.0,0.0,0.0,0.0,4.359067669577696e-286,1.0
U0377,7,0.0,0.0,0.0,0.0,0.0,0.0,0.0,1.0,9.357531838677153e-292,0.0
U0378,0,1.0,0.0,0.0,0.0,0.0,0.0,0.0,0.0,0.0,0.0
U0379,1,0.0,1.0,0.0,0.0,0.0,0.0,0.0,0.0,0.0,0.0
U0380,4,0.0,6.519008493820928e-126,0.0,0.0,1.0,0.0,0.0,0.0,0.0,0.0
U0381,7,0.0,0.0,0.0,0.0,0.0,0.0,0.0,1.0,0.0,0.0
U0382,6,0.0,0.0,0.0,0.0,0.0,0.0,1.0,0.0,0.0,0.0
U0383,3,0.0,0.0,0.0,1.0,0.0,0.0,0.0,0.0,0.0,0.0
U0384,6,0.0,2.589641298883575e-161,0.0,0.0,0.0,0.0,1.0,0.0,0.0,0.0
U0385,8,0.0,0.0,0.0,0.0,0.0,0.0,0.0,0.0,1.0,0.0
U0386,9,0.0,0.0,0.0,0.0,0.0,0.0,0.0,0.0,0.0,1.0
U0387,8,0.0,0.0,0.0,0.0,0.0,0.0,1.9225464141e-313,0.0,1.0,0.0
U0388,4,0.0,1.1420794425709725e-134,0.0,0.0,1.0,0.0,0.0,0.0,0.0,0.0
U0389,3,0.0,0.0,0.0,1.0,0.0,0.0,0.0,0.0,0.0,0.0
U0390,8,0.0,0.0,0.0,0.0,0.0,0.0,1.8567076890886045e-213,0.0,1.0,0.0
U0391,7,0.0,0.0,0.0,0.0,0.0,0.0,0.0,1.0,0.0,0.0
U0392,0,1.0,0.0,0.0,0.0,0.0,0.0,0.0,0.0,0.0,0.0
U0393,4,0.0,0.0,0.0,0.0,1.0,0.0,0.0,0.0,0.0,0.0
U0394,2,0.0,0.0,1.0,0.0,0.0,0.0,0.0,0.0,3.675029676635876e-282,0.0
U0395,7,0.0,0.0,0.0,0.0,0.0,0.0,0.0,1.0,0.0,0.0
U0396,8,0.0,0.0,0.0,0.0,0.0,0.0,9.415200683322444e-92,0.0,1.0,0.0
U0397,1,0.0,1.0,0.0,0.0,0.0,0.0,2.749508615405773e-248,0.0,0.0,0.0
U0398,6,0.0,1.9752190664825153e-91,0.0,0.0,0.0,0.0,1.0,0.0,0.0,0.0
U0399,7,0.0,0.0,0.0,0.0,0.0,0.0,0.0,1.0,0.0,0.0
U0400,4,0.0,0.0,0.0,0.0,1.0,0.0,0.0,0.0,0.0,0.0
U0401,2,0.0,0.0,1.0,0.0,0.0,0.0,8.332947466360091e-307,0.0,1.0314260233954588e-261,0.0
U0402,3,0.0,0.0,0.0,1.0,0.0,0.0,0.0,0.0,2.317e-321,0.0
U0403,8,0.0,0.0,0.0,0.0,0.0,0.0,0.0,0.0,1.0,0.0
U0404,0,1.0,0.0,0.0,0.0,0.0,0.0,0.0,0.0,0.0,0.0
U0405,1,0.0,1.0,0.0,0.0,0.0,0.0,1.8242303778405485e-234,0.0,0.0,0.0
U0406,4,0.0,1.2988630089631978e-201,0.0,0.0,1.0,0.0,0.0,0.0,0.0,0.0
U0407,7,0.0,0.0,0.0,0.0,0.0,0.0,0.0,1.0,0.0,0.0
U0408,8,0.0,0.0,0.0,0.0,0.0,0.0,0.0,0.0,1.0,0.0
U0409,9,0.0,0.0,0.0,0.0,0.0,0.0,0.0,0.0,0.0,1.0
U0410,6,0.0,0.0,0.0,0.0,0.0,0.0,1.0,0.0,6.672035488076554e-202,0.0
U0411,2,0.0,0.0,1.0,0.0,0.0,0.0,0.0,0.0,0.0,0.0
U0412,2,0.0,0.0,1.0,0.0,0.0,0.0,0.0,0.0,0.0,0.0
U0413,6,0.0,4.963684264417762e-124,0.0,0.0,0.0,0.0,1.0,0.0,0.0,0.0
U0414,4,0.0,3.5951330148622897e-169,0.0,0.0,1.0,0.0,0.0,0.0,0.0,0.0
U0415,1,0.0,1.0,0.0,0.0,0.0,0.0,0.0,0.0,0.0,0.0
U0416,1,0.0,1.0,0.0,0.0,0.0,0.0,0.0,0.0,0.0,0.0
U0417,1,0.0,1.0,0.0,0.0,0.0,0.0,0.0,0.0,0.0,0.0
U0418,5,0.0,0.0,0.0,0.0,0.0,1.0,0.0,0.0,0.0,0.0
U0419,3,0.0,0.0,0.0,1.0,0.0,0.0,0.0,0.0,0.0,0.0
U0420,0,1.0,9.460337246261323e-132,0.0,0.0,0.0,0.0,0.0,0.0,0.0,0.0
U0421,7,0.0,0.0,0.0,0.0,0.0,0.0,0.0,1.0,0.0,0.0
U0422,1,0.0,1.0,0.0,0.0,0.0,0.0,0.0,0.0,0.0,0.0
U0423,1,0.0,1.0,0.0,0.0,0.0,0.0,0.0,0.0,0.0,0.0
U0424,4,0.0,4.626902707023011e-97,0.0,0.0,1.0,0.0,0.0,0.0,0.0,0.0
U0425,8,0.0,0.0,0.0,0.0,0.0,0.0,0.0,0.0,1.0,0.0
U0426,1,0.0,1.0,0.0,0.0,0.0,0.0,0.0,0.0,0.0,0.0
U0427,3,0.0,0.0,0.0,1.0,0.0,0.0,0.0,0.0,0.0,0.0
U0428,5,0.0,5.1556186873326024e-173,0.0,0.0,0.0,1.0,0.0,0.0,0.0,0.0
U0429,7,0.0,0.0,0.0,0.0,0.0,0.0,0.0,1.0,0.0,0.0
U0430,9,0.0,0.0,0.0,0.0,0.0,0.0,0.0,0.0,3.0124937305265e-311,1.0
U0431,4,0.0,3.652621298951984e-144,0.0,0.0,1.0,0.0,0.0,0.0,0.0,0.0
U0432,0,1.0,0.0,0.0,0.0,0.0,0.0,0.0,0.0,0.0,0.0
U0433,9,0.0,0.0,0.0,0.0,0.0,0.0,5.89567860579038e-266,0.0,0.0,1.0
U0434,7,0.0,0.0,0.0,0.0,0.0,0.0,0.0,1.0,0.0,0.0
U0435,9,0.0,0.0,0.0,0.0,0.0,0.0,0.0,0.0,0.0,1.0
U0436,0,1.0,0.0,0.0,0.0,0.0,0.0,0.0,0.0,0.0,0.0
U0437,4,0.0,1.2207050402962094e-88,0.0,0.0,1.0,0.0,0.0,0.0,0.0,0.0
U0438,1,0.0,1.0,0.0,0.0,0.0,0.0,0.0,0.0,0.0,0.0
U0439,6,0.0,0.0,0.0,0.0,0.0,0.0,1.0,0.0,0.0,0.0
U0440,8,0.0,0.0,0.0,0.0,0.0,0.0,0.0,0.0,1.0,0.0
U0441,3,0.0,0.0,0.0,1.0,0.0,0.0,0.0,0.0,0.0,0.0
U0442,6,0.0,1.3899601884672282e-120,0.0,0.0,0.0,0.0,1.0,0.0,0.0,0.0
U0443,7,0.0,0.0,0.0,0.0,0.0,0.0,0.0,1.0,0.0,0.0
U0444,1,0.0,1.0,0.0,0.0,0.0,0.0,0.0,0.0,0.0,0.0
U0445,6,0.0,0.0,0.0,0.0,0.0,0.0,1.0,0.0,0.0,0.0
U0446,4,0.0,0.0,0.0,0.0,1.0,0.0,0.0,0.0,0.0,0.0
U0447,7,0.0,0.0,0.0,0.0,0.0,0.0,0.0,1.0,0.0,0.0
U0448,5,0.0,0.0,0.0,0.0,0.0,1.0,0.0,0.0,0.0,0.0
U0449,0,1.0,0.0,0.0,0.0,0.0,0.0,0.0,0.0,2.5588255473651e-270,0.0
U0450,9,0.0,0.0,0.0,0.0,0.0,0.0,0.0,0.0,0.0,1.0
U0451,1,0.0,1.0,0.0,0.0,0.0,0.0,1.705e-321,0.0,0.0,0.0
U0452,4,0.0,8.574192252155357e-83,0.0,0.0,1.0,0.0,0.0,0.0,0.0,0.0
U0453,1,0.0,1.0,0.0,0.0,0.0,0.0,0.0,0.0,0.0,0.0
U0454,8,0.0,0.0,0.0,0.0,0.0,0.0,3.931551887e-315,0.0,1.0,0.0
U0455,8,0.0,0.0,0.0,0.0,0.0,0.0,6.620426258760401e-139,0.0,1.0,0.0
U0456,2,0.0,0.0,1.0,0.0,0.0,0.0,0.0,0.0,0.0,0.0
U0457,4,0.0,1.4220580566489882e-104,0.0,0.0,1.0,0.0,0.0,0.0,0.0,0.0
U0458,3,0.0,0.0,0.0,1.0,0.0,0.0,0.0,0.0,0.0,0.0
U0459,4,0.0,0.0,0.0,0.0,1.0,0.0,0.0,0.0,0.0,0.0
U0460,5,0.0,0.0,0.0,0.0,0.0,1.0,0.0,0.0,7.047335467467742e-229,0.0
U0461,8,0.0,0.0,0.0,0.0,0.0,0.0,0.0,0.0,1.0,0.0
U0462,9,0.0,0.0,0.0,0.0,0.0,0.0,0.0,0.0,0.0,1.0
U0463,6,0.0,5.656648012140197e-162,0.0,0.0,0.0,0.0,1.0,0.0,0.0,0.0
U0464,9,0.0,0.0,0.0,0.0,0.0,0.0,0.0,0.0,0.0,1.0
U0465,1,0.0,1.0,0.0,0.0,0.0,0.0,0.0,0.0,0.0,0.0
U0466,9,0.0,0.0,0.0,0.0,0.0,0.0,0.0,0.0,0.0,1.0
U0467,4,0.0,1.0776630549160056e-264,0.0,0.0,1.0,0.0,0.0,0.0,0.0,0.0
U0468,2,0.0,7.18897487899705e-202,1.0,0.0,0.0,0.0,0.0,0.0,0.0,0.0
U0469,6,0.0,2.6523467445799157e-79,0.0,0.0,0.0,0.0,1.0,0.0,0.0,0.0
U0470,1,0.0,1.0,0.0,0.0,0.0,0.0,4.213731405370649e-166,0.0,0.0,0.0
U0471,7,0.0,0.0,0.0,0.0,0.0,0.0,0.0,1.0,0.0,0.0
U0472,0,1.0,0.0,0.0,0.0,0.0,0.0,0.0,0.0,0.0,0.0
U0473,8,0.0,0.0,0.0,0.0,0.0,0.0,0.0,0.0,1.0,0.0
U0474,0,1.0,0.0,0.0,0.0,0.0,0.0,0.0,0.0,0.0,0.0
U0475,1,0.0,1.0,0.0,0.0,0.0,0.0,0.0,0.0,0.0,0.0
U0476,2,0.0,0.0,1.0,0.0,0.0,0.0,0.0,0.0,7.1673215387573e-311,0.0
U0477,8,0.0,0.0,0.0,0.0,0.0,0.0,2.9521903993939034e-278,0.0,1.0,0.0
U0478,6,0.0,9.314980770329431e-174,0.0,0.0,0.0,0.0,1.0,0.0,0.0,0.0
U0479,7,0.0,0.0,0.0,0.0,0.0,0.0,0.0,1.0,1.0389382874766914e-283,0.0
U0480,8,0.0,0.0,0.0,0.0,0.0,0.0,0.0,0.0,1.0,0.0
U0481,3,0.0,0.0,0.0,1.0,0.0,0.0,0.0,0.0,1.510200717584624e-229,0.0
U0482,0,1.0,0.0,0.0,0.0,0.0,0.0,0.0,0.0,0.0,0.0
U0483,9,0.0,3.153986410543652e-201,0.0,0.0,0.0,0.0,0.0,0.0,0.0,1.0
U0484,9,0.0,0.0,0.0,0.0,0.0,0.0,0.0,0.0,0.0,1.0
U0485,6,0.0,1.8884746333240947e-72,0.0,0.0,0.0,0.0,1.0,0.0,0.0,0.0
U0486,7,0.0,0.0,0.0,0.0,0.0,0.0,0.0,1.0,0.0,0.0
U0487,2,0.0,0.0,1.0,0.0,0.0,0.0,0.0,0.0,4.7838603009445444e-235,0.0
U0488,5,0.0,0.0,0.0,0.0,0.0,1.0,0.0,0.0,0.0,0.0
U0489,8,0.0,0.0,0.0,0.0,0.0,0.0,0.0,0.0,1.0,0.0
U0490,6,0.0,0.0,0.0,0.0,0.0,0.0,1.0,0.0,0.0,0.0
U0491,0,1.0,0.0,0.0,0.0,0.0,0.0,0.0,0.0,0.0,0.0
U0492,1,0.0,1.0,0.0,0.0,0.0,0.0,0.0,0.0,0.0,0.0
U0493,0,1.0,1.1941919777293638e-200,0.0,0.0,0.0,0.0,0.0,0.0,0.0,0.0
U0494,7,0.0,0.0,0.0,0.0,0.0,0.0,0.0,1.0,0.0,0.0
U0495,6,0.0,1.0095822740308792e-121,0.0,0.0,0.0,0.0,1.0,0.0,0.0,0.0
U0496,7,0.0,0.0,0.0,0.0,0.0,0.0,0.0,1.0,0.0,0.0
U0497,9,0.0,0.0,0.0,0.0,0.0,0.0,1.030875475676355e-279,0.0,5.287030024053656e-288,1.0
U0498,6,0.0,4.787940965981392e-102,0.0,0.0,0.0,0.0,1.0,0.0,0.0,0.0
U0499,6,0.0,4.220735733486615e-124,0.0,0.0,0.0,0.0,1.0,0.0,0.0,0.0
U0500,5,0.0,0.0,0.0,0.0,0.0,1.0,0.0,0.0,0.0,0.0
U0501,4,0.0,0.0,0.0,0.0,1.0,0.0,0.0,0.0,0.0,0.0
U0502,1,0.0,1.0,0.0,0.0,0.0,0.0,0.0,0.0,0.0,0.0
U0503,6,0.0,0.0,0.0,0.0,0.0,0.0,1.0,0.0,1.6423688190028503e-147,0.0
U0504,1,0.0,1.0,0.0,0.0,0.0,0.0,9.27568707343982e-80,0.0,0.0,0.0
U0505,1,0.0,1.0,0.0,0.0,0.0,0.0,0.0,0.0,0.0,0.0
U0506,4,0.0,4.0500027157872514e-101,0.0,0.0,1.0,0.0,0.0,0.0,0.0,0.0
U0507,1,0.0,1.0,0.0,0.0,0.0,0.0,0.0,0.0,0.0,0.0
U0508,0,1.0,0.0,0.0,0.0,0.0,0.0,0.0,0.0,5.089757506150831e-180,0.0
U0509,8,0.0,0.0,0.0,0.0,0.0,0.0,6.265156411806051e-114,0.0,1.0,0.0
U0510,8,0.0,0.0,0.0,0.0,0.0,0.0,0.0,0.0,1.0,0.0
U0511,0,1.0,0.0,0.0,0.0,0.0,0.0,0.0,0.0,0.0,0.0
U0512,2,0.0,0.0,1.0,0.0,0.0,0.0,8.209188391507467e-183,0.0,0.0,0.0
U0513,6,0.0,2.462951431570006e-53,0.0,0.0,0.0,0.0,1.0,0.0,0.0,0.0
U0514,8,0.0,0.0,0.0,0.0,0.0,0.0,0.0,0.0,1.0,0.0
U0515,8,0.0,0.0,0.0,0.0,0.0,0.0,6.684450812134257e-297,0.0,1.0,0.0
U0516,3,0.0,2.767952422694768e-161,0.0,1.0,0.0,0.0,0.0,0.0,0.0,0.0
U0517,6,0.0,0.0,0.0,0.0,0.0,0.0,1.0,0.0,2.1309083342990642e-157,0.0
U0518,0,1.0,0.0,0.0,0.0,0.0,0.0,0.0,0.0,0.0,0.0
U0519,7,0.0,0.0,0.0,0.0,0.0,0.0,0.0,1.0,0.0,0.0
U0520,1,0.0,1.0,0.0,0.0,0.0,0.0,0.0,0.0,0.0,0.0
U0521,6,0.0,3.887805743686834e-121,0.0,0.0,0.0,0.0,1.0,0.0,0.0,0.0
U0522,3,0.0,0.0,0.0,1.0,0.0,0.0,0.0,0.0,2.3984496628586328e-176,0.0
U0523,0,1.0,0.0,0.0,0.0,0.0,0.0,0.0,0.0,0.0,0.0
U0524,8,0.0,0.0,0.0,0.0,0.0,0.0,0.0,0.0,1.0,0.0
U0525,2,0.0,0.0,1.0,0.0,0.0,0.0,0.0,0.0,9.260686509231466e-237,0.0
U0526,4,0.0,1.088066700773232e-199,0.0,0.0,1.0,0.0,0.0,0.0,0.0,0.0
U0527,6,0.0,0.0,0.0,0.0,0.0,0.0,1.0,0.0,1.1132147748482547e-206,0.0
U0528,6,0.0,0.0,0.0,0.0,0.0,0.0,1.0,0.0,3.3099773916658684e-252,0.0
U0529,5,0.0,8.962915808251053e-299,0.0,0.0,0.0,1.0,0.0,0.0,0.0,0.0
U0530,6,0.0,0.0,0.0,0.0,0.0,0.0,1.0,0.0,1.1164592427671085e-239,0.0
U0531,1,0.0,1.0,0.0,0.0,0.0,0.0,0.0,0.0,0.0,0.0
U0532,3,0.0,0.0,0.0,1.0,0.0,0.0,0.0,0.0,0.0,0.0
U0533,9,0.0,0.0,0.0,0.0,0.0,0.0,0.0,0.0,9e-323,1.0
U0534,9,0.0,1.2488991860904142e-256,0.0,0.0,0.0,0.0,2.79244658e-315,0.0,0.0,1.0
U0535,9,0.0,0.0,0.0,0.0,0.0,0.0,0.0,0.0,4.396e-320,1.0
U0536,2,0.0,1.2017398167071512e-175,1.0,0.0,0.0,0.0,0.0,0.0,0.0,0.0
U0537,3,0.0,0.0,0.0,1.0,0.0,0.0,3.602669474462584e-307,0.0,0.0,0.0
U0538,8,0.0,0.0,0.0,0.0,0.0,0.0,7.178330790341587e-140,0.0,1.0,0.0
U0539,1,0.0,1.0,0.0,0.0,0.0,0.0,0.0,0.0,0.0,0.0
U0540,2,0.0,0.0,1.0,0.0,0.0,0.0,0.0,0.0,0.0,0.0
U0541,0,1.0,0.0,0.0,0.0,0.0,0.0,0.0,0.0,0.0,0.0
U0542,3,0.0,0.0,0.0,1.0,0.0,0.0,0.0,0.0,0.0,0.0
U0543,1,0.0,1.0,0.0,0.0,0.0,0.0,0.0,0.0,0.0,0.0
U0544,4,0.0,0.0,0.0,0.0,1.0,0.0,0.0,0.0,0.0,0.0
U0545,4,0.0,1.607297831707935e-78,0.0,0.0,1.0,0.0,0.0,0.0,0.0,0.0
U0546,7,0.0,0.0,0.0,0.0,0.0,0.0,0.0,1.0,5.28692775994798e-249,0.0
U0547,3,0.0,0.0,0.0,1.0,0.0,0.0,0.0,0.0,5.2224761827949e-204,0.0
U0548,9,0.0,0.0,0.0,0.0,0.0,0.0,0.0,0.0,0.0,1.0
U0549,7,0.0,0.0,0.0,0.0,0.0,0.0,0.0,1.0,0.0,0.0
U0550,2,0.0,0.0,1.0,0.0,0.0,0.0,0.0,0.0,0.0,0.0
U0551,4,0.0,2.8433052879290957e-190,0.0,0.0,1.0,0.0,0.0,0.0,0.0,0.0
U0552,1,0.0,1.0,0.0,0.0,0.0,0.0,0.0,0.0,0.0,0.0
U0553,1,0.0,1.0,0.0,0.0,0.0,0.0,2.6720336303301304e-238,0.0,0.0,0.0
U0554,0,1.0,0.0,0.0,0.0,0.0,0.0,0.0,0.0,0.0,0.0
U0555,3,0.0,0.0,0.0,1.0,0.0,0.0,0.0,0.0,0.0,0.0
U0556,5,0.0,0.0,0.0,0.0,0.0,1.0,0.0,0.0,0.0,0.0
U0557,0,1.0,0.0,0.0,0.0,0.0,0.0,5.5933e-319,0.0,2.1319065074962106e-277,0.0
U0558,6,0.0,0.0,0.0,0.0,0.0,0.0,1.0,0.0,4.576534327904537e-153,0.0
U0559,4,0.0,0.0,0.0,0.0,1.0,0.0,0.0,0.0,0.0,0.0
U0560,2,0.0,0.0,1.0,0.0,0.0,0.0,0.0,0.0,0.0,0.0
U0561,7,0.0,0.0,0.0,0.0,0.0,0.0,0.0,1.0,0.0,0.0
U0562,6,0.0,0.0,0.0,0.0,0.0,0.0,1.0,0.0,0.0,0.0
U0563,1,0.0,1.0,0.0,0.0,0.0,0.0,0.0,0.0,0.0,0.0
U0564,1,0.0,1.0,0.0,0.0,0.0,0.0,0.0,0.0,0.0,0.0
U0565,0,1.0,0.0,0.0,0.0,0.0,0.0,0.0,0.0,0.0,0.0
U0566,7,0.0,0.0,0.0,0.0,0.0,0.0,0.0,1.0,0.0,0.0
U0567,4,0.0,0.0,0.0,0.0,1.0,0.0,0.0,0.0,0.0,0.0
U0568,9,0.0,0.0,0.0,0.0,0.0,0.0,0.0,0.0,0.0,1.0
U0569,5,0.0,0.0,0.0,0.0,0.0,1.0,0.0,0.0,3.359639651326709e-269,0.0
U0570,3,0.0,0.0,0.0,1.0,0.0,0.0,0.0,0.0,0.0,0.0
U0571,6,0.0,0.0,0.0,0.0,0.0,0.0,1.0,0.0,4.849422831024377e-229,0.0
U0572,4,0.0,0.0,0.0,0.0,1.0,0.0,0.0,0.0,0.0,0.0
U0573,2,0.0,1.0578121729071461e-209,1.0,0.0,0.0,0.0,0.0,0.0,0.0,0.0
U0574,4,0.0,0.0,0.0,0.0,1.0,0.0,0.0,0.0,0.0,0.0
U0575,6,0.0,0.0,0.0,0.0,0.0,0.0,1.0,0.0,8.223584844251537e-281,0.0
U0576,6,0.0,1.7718463106749772e-91,0.0,0.0,0.0,0.0,1.0,0.0,0.0,0.0
U0577,1,0.0,1.0,0.0,0.0,0.0,0.0,0.0,0.0,0.0,0.0
U0578,6,0.0,2.4292378439085012e-132,0.0,0.0,0.0,0.0,1.0,0.0,0.0,0.0
U0579,3,0.0,0.0,0.0,1.0,0.0,0.0,0.0,0.0,0.0,0.0
U0580,7,0.0,0.0,0.0,0.0,0.0,0.0,0.0,1.0,2.31502527539e-312,0.0
U0581,2,0.0,5.993332491817923e-146,1.0,0.0,0.0,0.0,1.046964558061601e-246,0.0,0.0,0.0
U0582,8,0.0,0.0,0.0,0.0,0.0,0.0,6.366173138334768e-113,0.0,1.0,0.0
U0583,4,0.0,2.612400442895288e-154,0.0,0.0,1.0,0.0,0.0,0.0,0.0,0.0
U0584,3,0.0,0.0,0.0,1.0,0.0,0.0,0.0,0.0,0.0,0.0
U0585,1,0.0,1.0,0.0,0.0,0.0,0.0,0.0,0.0,0.0,0.0
U0586,0,1.0,0.0,0.0,0.0,0.0,0.0,0.0,0.0,0.0,0.0
U0587,8,0.0,0.0,0.0,0.0,0.0,0.0,0.0,0.0,1.0,0.0
U0588,2,0.0,0.0,1.0,0.0,0.0,0.0,0.0,0.0,0.0,0.0
U0589,1,0.0,1.0,0.0,0.0,0.0,0.0,0.0,0.0,0.0,0.0
U0590,1,0.0,1.0,0.0,0.0,0.0,0.0,0.0,0.0,0.0,0.0
U0591,1,0.0,1.0,0.0,0.0,0.0,0.0,0.0,0.0,0.0,0.0
U0592,8,0.0,0.0,0.0,0.0,0.0,0.0,1.3193078116488562e-212,0.0,1.0,0.0
U0593,6,0.0,2.8174203231328238e-126,0.0,0.0,0.0,0.0,1.0,0.0,0.0,0.0
U0594,6,0.0,2.1781008018112136e-134,0.0,0.0,0.0,0.0,1.0,0.0,0.0,0.0
U0595,7,0.0,0.0,0.0,0.0,0.0,0.0,0.0,1.0,0.0,0.0
U0596,9,0.0,0.0,0.0,0.0,0.0,0.0,0.0,0.0,0.0,1.0
U0597,8,0.0,0.0,0.0,0.0,0.0,0.0,2.9e-322,0.0,1.0,0.0
U0598,9,0.0,0.0,0.0,0.0,0.0,0.0,0.0,0.0,4.740239348257126e-203,1.0
U0599,1,0.0,1.0,0.0,0.0,0.0,0.0,0.0,0.0,0.0,0.0
U0600,7,0.0,0.0,0.0,0.0,0.0,0.0,0.0,1.0,0.0,0.0
U0601,7,0.0,4.683163533389586e-138,0.0,0.0,0.0,0.0,0.0,1.0,0.0,0.0
U0602,8,0.0,0.0,0.0,0.0,0.0,0.0,5.2032466575137725e-114,0.0,1.0,0.0
U0603,9,0.0,0.0,0.0,0.0,0.0,0.0,0.0,0.0,0.0,1.0
U0604,2,0.0,0.0,1.0,0.0,0.0,0.0,2.264667813567746e-250,0.0,1.5425202705169922e-252,0.0
U0605,8,0.0,0.0,0.0,0.0,0.0,0.0,0.0,0.0,1.0,0.0
U0606,1,0.0,1.0,0.0,0.0,0.0,0.0,0.0,0.0,0.0,0.0
U0607,8,0.0,0.0,0.0,0.0,0.0,0.0,1.0712711559717725e-199,0.0,1.0,0.0
U0608,2,0.0,0.0,1.0,0.0,0.0,0.0,0.0,0.0,6.868e-321,0.0
U0609,3,0.0,0.0,0.0,1.0,0.0,0.0,0.0,0.0,0.0,0.0
U0610,3,0.0,0.0,0.0,1.0,0.0,0.0,0.0,0.0,0.0,0.0
U0611,5,0.0,0.0,0.0,0.0,0.0,1.0,0.0,0.0,0.0,0.0
U0612,5,0.0,0.0,0.0,0.0,0.0,1.0,0.0,0.0,0.0,0.0
U0613,3,0.0,0.0,0.0,1.0,0.0,0.0,2.96755684952137e-310,0.0,4.6860376037235235e-265,0.0
U0614,4,0.0,3.770572315821427e-170,0.0,0.0,1.0,0.0,0.0,0.0,0.0,0.0
U0615,9,0.0,0.0,0.0,0.0,0.0,0.0,0.0,0.0,0.0,1.0
U0616,3,0.0,0.0,0.0,1.0,0.0,0.0,0.0,0.0,0.0,0.0
U0617,1,0.0,1.0,0.0,0.0,0.0,0.0,0.0,0.0,0.0,0.0
U0618,8,0.0,0.0,0.0,0.0,0.0,0.0,0.0,0.0,1.0,0.0
U0619,1,0.0,1.0,0.0,0.0,0.0,0.0,0.0,0.0,0.0,0.0
U0620,4,0.0,5.156955449390592e-90,0.0,0.0,1.0,0.0,0.0,0.0,0.0,0.0
U0621,3,0.0,0.0,0.0,1.0,0.0,0.0,0.0,0.0,0.0,0.0
U0622,5,0.0,0.0,0.0,0.0,0.0,1.0,0.0,0.0,1.133395270743232e-301,0.0
U0623,1,0.0,1.0,0.0,0.0,0.0,0.0,0.0,0.0,0.0,0.0
U0624,4,0.0,1.8033539507051536e-78,0.0,0.0,1.0,0.0,0.0,0.0,0.0,0.0
U0625,1,0.0,1.0,0.0,0.0,0.0,0.0,0.0,0.0,0.0,0.0
U0626,0,1.0,0.0,0.0,0.0,0.0,0.0,0.0,0.0,3.1952982439421695e-257,0.0
U0627,6,0.0,7.666029230488148e-133,0.0,0.0,0.0,0.0,1.0,0.0,0.0,0.0
U0628,6,0.0,0.0,0.0,0.0,0.0,0.0,1.0,0.0,0.0,0.0
U0629,6,0.0,3.7372233132769973e-149,0.0,0.0,0.0,0.0,1.0,0.0,0.0,0.0
U0630,1,0.0,1.0,0.0,0.0,0.0,0.0,0.0,0.0,0.0,0.0
U0631,3,0.0,0.0,0.0,1.0,0.0,0.0,0.0,0.0,0.0,0.0
U0632,3,0.0,0.0,0.0,1.0,0.0,0.0,0.0,0.0,0.0,0.0
U0633,2,0.0,0.0,1.0,0.0,0.0,0.0,2.212135663100866e-241,0.0,0.0,0.0
U0634,9,0.0,0.0,0.0,0.0,0.0,0.0,0.0,0.0,4.513346315030831e-295,1.0
U0635,1,0.0,1.0,0.0,0.0,0.0,0.0,0.0,0.0,0.0,0.0
U0636,2,0.0,0.0,1.0,0.0,0.0,0.0,2.7065534019997326e-301,0.0,0.0,0.0
U0637,9,0.0,0.0,0.0,0.0,0.0,0.0,0.0,0.0,0.0,1.0
U0638,2,0.0,0.0,1.0,0.0,0.0,0.0,4.9580795813506104e-170,0.0,2.086187e-318,0.0
U0639,1,0.0,1.0,0.0,0.0,0.0,0.0,0.0,0.0,0.0,0.0
U0640,7,0.0,0.0,0.0,0.0,0.0,0.0,0.0,1.0,0.0,0.0
U0641,1,0.0,1.0,0.0,0.0,0.0,0.0,0.0,0.0,0.0,0.0
U0642,1,0.0,1.0,0.0,0.0,0.0,0.0,0.0,0.0,0.0,0.0
U0643,2,0.0,0.0,1.0,0.0,0.0,0.0,8.843443211040819e-236,0.0,1.9546045167475696e-266,0.0
U0644,8,0.0,0.0,0.0,0.0,0.0,0.0,0.0,0.0,1.0,0.0
U0645,7,0.0,0.0,0.0,0.0,0.0,0.0,0.0,1.0,1.1582280609561174e-282,0.0
U0646,2,0.0,4.581085807454315e-155,1.0,0.0,0.0,0.0,0.0,0.0,0.0,0.0
U0647,1,0.0,1.0,0.0,0.0,0.0,0.0,0.0,0.0,0.0,0.0
U0648,4,0.0,4.880087889198915e-53,0.0,0.0,1.0,0.0,0.0,0.0,0.0,0.0
U0649,7,0.0,0.0,0.0,0.0,0.0,0.0,0.0,1.0,0.0,0.0
U0650,1,0.0,1.0,0.0,0.0,0.0,0.0,0.0,0.0,0.0,0.0
U0651,7,0.0,0.0,0.0,0.0,0.0,0.0,0.0,1.0,0.0,0.0
U0652,9,0.0,0.0,0.0,0.0,0.0,0.0,0.0,0.0,0.0,1.0
U0653,4,0.0,2.3663221245651e-131,0.0,0.0,1.0,0.0,0.0,0.0,0.0,0.0
U0654,1,0.0,1.0,0.0,0.0,0.0,0.0,0.0,0.0,0.0,0.0
U0655,0,1.0,0.0,0.0,0.0,0.0,0.0,0.0,0.0,0.0,0.0
U0656,2,0.0,7.748579702770127e-192,1.0,0.0,0.0,0.0,0.0,0.0,0.0,0.0
U0657,2,0.0,0.0,1.0,0.0,0.0,0.0,8.659588353352933e-246,0.0,4.995264211271293e-243,0.0
U0658,2,0.0,0.0,1.0,0.0,0.0,0.0,0.0,0.0,4.9633780435784035e-234,0.0
U0659,2,0.0,0.0,1.0,0.0,0.0,0.0,0.0,0.0,0.0,0.0
U0660,4,0.0,0.0,0.0,0.0,1.0,0.0,0.0,0.0,0.0,0.0
U0661,6,0.0,0.0,0.0,0.0,0.0,0.0,1.0,0.0,0.0,0.0
U0662,9,0.0,0.0,0.0,0.0,0.0,0.0,0.0,0.0,0.0,1.0
U0663,9,0.0,0.0,0.0,0.0,0.0,0.0,0.0,0.0,0.0,1.0
U0664,1,0.0,1.0,0.0,0.0,0.0,0.0,0.0,0.0,0.0,0.0
U0665,1,0.0,1.0,0.0,0.0,0.0,0.0,0.0,0.0,0.0,0.0
U0666,7,0.0,0.0,0.0,0.0,0.0,0.0,0.0,1.0,0.0,0.0
U0667,0,1.0,0.0,0.0,0.0,0.0,0.0,0.0,0.0,7.224927155155554e-260,0.0
U0668,1,0.0,1.0,0.0,0.0,0.0,0.0,0.0,0.0,0.0,0.0
U0669,8,0.0,0.0,0.0,0.0,0.0,0.0,1.2522263298979722e-99,0.0,1.0,0.0
U0670,5,0.0,0.0,0.0,0.0,0.0,1.0,2.582830260129368e-257,0.0,0.0,0.0
U0671,1,0.0,1.0,0.0,0.0,0.0,0.0,0.0,0.0,0.0,0.0
U0672,6,0.0,3.062516640994359e-62,0.0,0.0,0.0,0.0,1.0,0.0,0.0,0.0
U0673,1,0.0,1.0,0.0,0.0,0.0,0.0,6.100708229162312e-194,0.0,0.0,0.0
U0674,8,0.0,0.0,0.0,0.0,0.0,0.0,0.0,0.0,1.0,0.0
U0675,0,1.0,0.0,0.0,0.0,0.0,0.0,0.0,0.0,2.206156965870139e-264,0.0
U0676,2,0.0,0.0,1.0,0.0,0.0,0.0,0.0,0.0,0.0,0.0
U0677,7,0.0,0.0,0.0,0.0,0.0,0.0,0.0,1.0,0.0,0.0
U0678,6,0.0,0.0,0.0,0.0,0.0,0.0,1.0,0.0,0.0,0.0
U0679,7,0.0,0.0,0.0,0.0,0.0,0.0,0.0,1.0,0.0,0.0
U0680,1,0.0,1.0,0.0,0.0,0.0,0.0,0.0,0.0,0.0,0.0
U0681,9,0.0,0.0,0.0,0.0,0.0,0.0,0.0,0.0,0.0,1.0
U0682,1,0.0,1.0,0.0,0.0,0.0,0.0,0.0,0.0,0.0,0.0
U0683,8,0.0,0.0,0.0,0.0,0.0,0.0,0.0,0.0,1.0,0.0
U0684,1,0.0,1.0,0.0,0.0,0.0,0.0,0.0,0.0,0.0,0.0
U0685,4,0.0,8.485772958659475e-190,0.0,0.0,1.0,0.0,0.0,0.0,0.0,0.0
U0686,7,0.0,0.0,0.0,0.0,0.0,0.0,0.0,1.0,0.0,0.0
U0687,2,0.0,0.0,1.0,0.0,0.0,0.0,0.0,0.0,1.468872013274973e-235,0.0
U0688,8,0.0,0.0,0.0,0.0,0.0,0.0,4.345518271891448e-214,0.0,1.0,0.0
U0689,3,0.0,0.0,0.0,1.0,0.0,0.0,0.0,0.0,0.0,0.0
U0690,5,0.0,0.0,0.0,0.0,0.0,1.0,0.0,0.0,0.0,0.0
U0691,2,0.0,0.0,1.0,0.0,0.0,0.0,1.0659728835623636e-165,0.0,0.0,0.0
U0692,4,0.0,0.0,0.0,0.0,1.0,0.0,0.0,0.0,0.0,0.0
U0693,7,0.0,0.0,0.0,0.0,0.0,0.0,0.0,1.0,0.0,0.0
U0694,1,0.0,1.0,0.0,0.0,0.0,0.0,0.0,0.0,0.0,0.0
U0695,1,0.0,1.0,0.0,0.0,0.0,0.0,0.0,0.0,0.0,0.0
U0696,2,0.0,0.0,1.0,0.0,0.0,0.0,0.0,0.0,0.0,0.0
U0697,7,0.0,0.0,0.0,0.0,0.0,0.0,0.0,1.0,4.747405371997944e-307,0.0
U0698,6,0.0,0.0,0.0,0.0,0.0,0.0,1.0,0.0,1.1837109843570227e-265,0.0
U0699,6,0.0,0.0,0.0,0.0,0.0,0.0,1.0,0.0,7.951194514764454e-215,0.0
U0700,0,1.0,0.0,0.0,0.0,0.0,0.0,0.0,0.0,0.0,0.0
U0701,0,1.0,0.0,0.0,0.0,0.0,0.0,0.0,0.0,4.486167967824572e-206,0.0
U0702,0,1.0,0.0,0.0,0.0,0.0,0.0,0.0,0.0,0.0,0.0
U0703,5,0.0,0.0,0.0,0.0,0.0,1.0,0.0,0.0,0.0,0.0
U0704,8,0.0,0.0,0.0,0.0,0.0,0.0,6.174410290594639e-168,0.0,1.0,0.0
U0705,7,0.0,0.0,0.0,0.0,0.0,0.0,0.0,1.0,0.0,0.0
U0706,9,0.0,0.0,0.0,0.0,0.0,0.0,5.550250437753513e-294,0.0,2.188715227e-314,1.0
U0707,8,0.0,7.411538244891378e-78,0.0,0.0,0.0,0.0,9.113164614537715e-168,0.0,1.0,0.0
U0708,6,0.0,3.2665608237608083e-244,0.0,0.0,0.0,0.0,1.0,0.0,0.0,0.0
U0709,9,0.0,0.0,0.0,0.0,0.0,0.0,0.0,0.0,0.0,1.0
U0710,6,0.0,2.790800548850564e-105,0.0,0.0,0.0,0.0,1.0,0.0,0.0,0.0
U0711,0,1.0,0.0,0.0,0.0,0.0,0.0,0.0,0.0,0.0,0.0
U0712,0,1.0,0.0,0.0,0.0,0.0,0.0,0.0,0.0,0.0,0.0
U0713,4,0.0,0.0,0.0,0.0,1.0,0.0,0.0,0.0,0.0,0.0
U0714,6,0.0,2.708285782183391e-141,0.0,0.0,0.0,0.0,1.0,0.0,0.0,0.0
U0715,2,0.0,3.6548751705541105e-156,1.0,0.0,0.0,0.0,5.388339654253773e-256,0.0,0.0,0.0
U0716,7,0.0,0.0,0.0,0.0,0.0,0.0,0.0,1.0,0.0,0.0
U0717,8,0.0,0.0,0.0,0.0,0.0,0.0,0.0,0.0,1.0,0.0
U0718,6,0.0,3.5460467610852657e-103,0.0,0.0,0.0,0.0,1.0,0.0,0.0,0.0
U0719,0,1.0,0.0,0.0,0.0,0.0,0.0,0.0,0.0,0.0,0.0
U0720,6,0.0,0.0,0.0,0.0,0.0,0.0,1.0,0.0,0.0,0.0
U0721,0,1.0,0.0,0.0,0.0,0.0,0.0,0.0,0.0,0.0,0.0
U0722,2,0.0,0.0,1.0,0.0,0.0,0.0,0.0,0.0,0.0,0.0
U0723,7,0.0,0.0,0.0,0.0,0.0,0.0,0.0,1.0,0.0,0.0
U0724,1,0.0,1.0,0.0,0.0,0.0,0.0,5.50494378655832e-309,0.0,0.0,0.0
U0725,0,1.0,0.0,0.0,0.0,0.0,0.0,0.0,0.0,0.0,0.0
U0726,6,0.0,8.974553546039992e-135,0.0,0.0,0.0,0.0,1.0,0.0,0.0,0.0
U0727,8,0.0,0.0,0.0,0.0,0.0,0.0,0.0,0.0,1.0,0.0
U0728,7,0.0,0.0,0.0,0.0,0.0,0.0,2.5914750766420425e-287,1.0,2.06564716e-316,0.0
U0729,6,0.0,0.0,0.0,0.0,0.0,0.0,1.0,0.0,3.71037205964442e-252,0.0
U0730,3,0.0,0.0,0.0,1.0,0.0,0.0,0.0,0.0,5.317464169311632e-283,0.0
U0731,6,0.0,0.0,0.0,0.0,0.0,0.0,1.0,0.0,3.906059846017465e-281,0.0
U0732,5,0.0,0.0,0.0,0.0,0.0,1.0,0.0,0.0,0.0,0.0
U0733,4,0.0,0.0,0.0,0.0,1.0,0.0,0.0,0.0,0.0,0.0
U0734,8,0.0,0.0,0.0,0.0,0.0,0.0,2.7703570221936904e-261,0.0,1.0,0.0
U0735,9,0.0,0.0,0.0,0.0,0.0,0.0,0.0,0.0,0.0,1.0
U0736,1,0.0,1.0,0.0,0.0,0.0,0.0,5.475828711811011e-282,0.0,0.0,0.0
U0737,5,0.0,1.9559447585046916e-257,0.0,0.0,0.0,1.0,0.0,0.0,0.0,0.0
U0738,5,0.0,0.0,0.0,0.0,0.0,1.0,0.0,0.0,0.0,0.0
U0739,9,0.0,0.0,0.0,0.0,0.0,0.0,0.0,0.0,0.0,1.0
U0740,4,0.0,1.0850367699022463e-302,0.0,0.0,1.0,0.0,0.0,0.0,0.0,0.0
U0741,6,0.0,0.0,0.0,0.0,0.0,0.0,1.0,0.0,1e-322,0.0
U0742,2,0.0,0.0,1.0,0.0,0.0,0.0,0.0,0.0,0.0,0.0
U0743,2,0.0,0.0,1.0,0.0,0.0,0.0,0.0,0.0,1.5981678203300032e-307,0.0
U0744,6,0.0,0.0,0.0,0.0,0.0,0.0,1.0,0.0,0.0,0.0
U0745,3,0.0,0.0,0.0,1.0,0.0,0.0,0.0,0.0,0.0,0.0
U0746,4,0.0,9.184761528160437e-66,0.0,0.0,1.0,0.0,0.0,0.0,0.0,0.0
U0747,8,0.0,0.0,0.0,0.0,0.0,0.0,0.0,0.0,1.0,0.0
U0748,9,0.0,1.5187064665316476e-176,0.0,0.0,0.0,0.0,0.0,0.0,0.0,1.0
U0749,1,0.0,1.0,0.0,0.0,0.0,0.0,0.0,0.0,0.0,0.0
U0750,8,0.0,0.0,0.0,0.0,0.0,0.0,0.0,0.0,1.0,0.0
U0751,7,0.0,0.0,0.0,0.0,0.0,0.0,0.0,1.0,0.0,0.0
U0752,4,0.0,1.1741379251006046e-105,0.0,0.0,1.0,0.0,0.0,0.0,0.0,0.0
U0753,6,0.0,0.0,0.0,0.0,0.0,0.0,1.0,0.0,1.2894052917086421e-169,0.0
U0754,3,0.0,0.0,0.0,1.0,0.0,0.0,0.0,0.0,0.0,0.0
U0755,0,1.0,0.0,0.0,0.0,0.0,0.0,0.0,0.0,0.0,0.0
U0756,0,1.0,0.0,0.0,0.0,0.0,0.0,0.0,0.0,1.982335501755004e-259,0.0
U0757,7,0.0,0.0,0.0,0.0,0.0,0.0,0.0,1.0,0.0,0.0
U0758,6,0.0,2.301538469062941e-143,0.0,0.0,0.0,0.0,1.0,0.0,0.0,0.0
U0759,2,0.0,3.8998180832981804e-198,1.0,0.0,0.0,0.0,0.0,0.0,0.0,0.0
U0760,3,0.0,0.0,0.0,1.0,0.0,0.0,0.0,0.0,1.5287647781179622e-284,0.0
U0761,2,0.0,0.0,1.0,0.0,0.0,0.0,3.2328056292920634e-169,0.0,0.0,0.0
U0762,6,0.0,0.0,0.0,0.0,0.0,0.0,1.0,0.0,0.0,0.0
U0763,4,0.0,8.035893095822327e-271,0.0,0.0,1.0,0.0,0.0,0.0,0.0,0.0
U0764,4,0.0,2.9305579231351694e-71,0.0,0.0,1.0,0.0,0.0,0.0,0.0,0.0
U0765,8,0.0,0.0,0.0,0.0,0.0,0.0,3.7454031202546e-310,0.0,1.0,0.0
U0766,8,0.0,0.0,0.0,0.0,0.0,0.0,0.0,0.0,1.0,0.0
U0767,7,0.0,0.0,0.0,0.0,0.0,0.0,0.0,1.0,2.0719020730640403e-214,0.0
U0768,2,0.0,0.0,1.0,0.0,0.0,0.0,3.8690605597535087e-237,0.0,0.0,0.0
U0769,6,0.0,0.0,0.0,0.0,0.0,0.0,1.0,0.0,1.682850911024877e-231,0.0
U0770,6,0.0,4.2201461818666865e-210,0.0,0.0,0.0,0.0,1.0,0.0,0.0,0.0
U0771,4,0.0,0.0,0.0,0.0,1.0,0.0,0.0,0.0,0.0,0.0
U0772,8,0.0,0.0,0.0,0.0,0.0,0.0,1.0697598447444537e-162,0.0,1.0,0.0
U0773,6,0.0,4.769020699800438e-47,0.0,0.0,0.0,0.0,1.0,0.0,0.0,0.0
U0774,1,0.0,1.0,0.0,0.0,0.0,0.0,0.0,0.0,0.0,0.0
U0775,1,0.0,1.0,0.0,0.0,0.0,0.0,2.788909473921073e-214,0.0,0.0,0.0
U0776,7,0.0,0.0,0.0,0.0,0.0,0.0,0.0,1.0,0.0,0.0
U0777,7,0.0,0.0,0.0,0.0,0.0,0.0,0.0,1.0,0.0,0.0
U0778,7,0.0,0.0,0.0,0.0,0.0,0.0,0.0,1.0,0.0,0.0
U0779,6,0.0,0.0,0.0,0.0,0.0,0.0,1.0,0.0,0.0,0.0
U0780,7,0.0,0.0,0.0,0.0,0.0,0.0,0.0,1.0,0.0,0.0
U0781,1,0.0,1.0,0.0,0.0,0.0,0.0,0.0,0.0,0.0,0.0
U0782,9,0.0,0.0,0.0,0.0,0.0,0.0,1.0757919109413973e-223,0.0,1.32e-321,1.0
U0783,1,0.0,1.0,0.0,0.0,0.0,0.0,0.0,0.0,0.0,0.0
U0784,1,0.0,1.0,0.0,0.0,0.0,0.0,0.0,0.0,0.0,0.0
U0785,1,0.0,1.0,0.0,0.0,0.0,0.0,0.0,0.0,0.0,0.0
U0786,8,0.0,0.0,0.0,0.0,0.0,0.0,1.2567346759910544e-247,0.0,1.0,0.0
U0787,9,0.0,0.0,0.0,0.0,0.0,0.0,3.4076599954649393e-259,0.0,0.0,1.0
U0788,4,0.0,4.547331495326513e-145,0.0,0.0,1.0,0.0,0.0,0.0,0.0,0.0
U0789,1,0.0,1.0,0.0,0.0,0.0,0.0,0.0,0.0,0.0,0.0
U0790,3,0.0,0.0,0.0,1.0,0.0,0.0,0.0,0.0,3.9074952785240453e-233,0.0
U0791,0,1.0,0.0,0.0,0.0,0.0,0.0,0.0,0.0,0.0,0.0
U0792,1,0.0,1.0,0.0,0.0,0.0,0.0,0.0,0.0,0.0,0.0
U0793,2,0.0,0.0,1.0,0.0,0.0,0.0,1.6810562654824947e-302,0.0,0.0,0.0
U0794,6,0.0,0.0,0.0,0.0,0.0,0.0,1.0,0.0,1.1988523050054058e-238,0.0
U0795,5,0.0,0.0,0.0,0.0,0.0,1.0,0.0,0.0,0.0,0.0
U0796,3,0.0,0.0,0.0,1.0,0.0,0.0,5.124725446233494e-233,0.0,4.89529972432418e-164,0.0
U0797,6,0.0,5.109616690242171e-138,0.0,0.0,0.0,0.0,1.0,0.0,0.0,0.0
U0798,0,1.0,0.0,0.0,0.0,0.0,0.0,0.0,0.0,2.990080186298305e-271,0.0
U0799,9,0.0,0.0,0.0,0.0,0.0,0.0,0.0,0.0,0.0,1.0
U0800,0,1.0,0.0,0.0,0.0,0.0,0.0,0.0,0.0,6.376988553888191e-276,0.0
U0801,1,0.0,1.0,0.0,0.0,0.0,0.0,0.0,0.0,0.0,0.0
U0802,8,0.0,0.0,0.0,0.0,0.0,0.0,0.0,0.0,1.0,0.0
U0803,1,0.0,1.0,0.0,0.0,0.0,0.0,5.057427506028631e-194,0.0,0.0,0.0
U0804,2,0.0,0.0,1.0,0.0,0.0,0.0,0.0,0.0,4.554703218663323e-282,0.0
U0805,2,0.0,0.0,1.0,0.0,0.0,0.0,1.66069576546513e-280,0.0,1.0566722409632775e-186,0.0
U0806,0,1.0,0.0,0.0,0.0,0.0,0.0,2.18817184398049e-269,0.0,1.2292908721586094e-199,0.0
U0807,3,0.0,0.0,0.0,1.0,0.0,0.0,9.189356542258079e-287,0.0,4.5488333023828865e-254,0.0
U0808,3,0.0,0.0,0.0,1.0,0.0,0.0,0.0,0.0,0.0,0.0
U0809,7,0.0,0.0,0.0,0.0,0.0,0.0,0.0,1.0,0.0,0.0
U0810,7,0.0,0.0,0.0,0.0,0.0,0.0,0.0,1.0,0.0,0.0
U0811,1,0.0,1.0,0.0,0.0,0.0,0.0,5.097186424982132e-158,0.0,0.0,0.0
U0812,1,0.0,1.0,0.0,0.0,0.0,0.0,0.0,0.0,0.0,0.0
U0813,5,0.0,0.0,0.0,0.0,0.0,1.0,0.0,0.0,0.0,0.0
U0814,2,0.0,0.0,1.0,0.0,0.0,0.0,2.6313940966478644e-195,0.0,0.0,0.0
U0815,4,0.0,0.0,0.0,0.0,1.0,0.0,0.0,0.0,0.0,0.0
U0816,5,0.0,0.0,0.0,0.0,0.0,1.0,0.0,0.0,0.0,0.0
U0817,5,0.0,0.0,0.0,0.0,0.0,1.0,0.0,0.0,0.0,0.0
U0818,6,0.0,0.0,0.0,0.0,0.0,0.0,1.0,0.0,0.0,0.0
U0819,6,0.0,0.0,0.0,0.0,0.0,0.0,1.0,0.0,3.1863677976670155e-123,0.0
U0820,3,0.0,0.0,0.0,1.0,0.0,0.0,0.0,0.0,1.361921947966815e-229,0.0
U0821,1,0.0,1.0,0.0,0.0,0.0,0.0,0.0,0.0,0.0,0.0
U0822,6,0.0,4.535669934713891e-188,0.0,0.0,0.0,0.0,1.0,0.0,0.0,0.0
U0823,3,0.0,0.0,0.0,1.0,0.0,0.0,0.0,0.0,0.0,0.0
U0824,4,0.0,3.7718372026477537e-90,0.0,0.0,1.0,0.0,0.0,0.0,0.0,0.0
U0825,9,0.0,0.0,0.0,0.0,0.0,0.0,1.8612771161505882e-283,0.0,0.0,1.0
U0826,3,0.0,0.0,0.0,1.0,0.0,0.0,0.0,0.0,0.0,0.0
U0827,8,0.0,0.0,0.0,0.0,0.0,0.0,8.754176780396296e-240,0.0,1.0,0.0
U0828,6,0.0,0.0,0.0,0.0,0.0,0.0,1.0,0.0,0.0,0.0
U0829,2,0.0,0.0,1.0,0.0,0.0,0.0,1.3170440136710068e-297,0.0,6.577240033592327e-260,0.0
U0830,6,0.0,0.0,0.0,0.0,0.0,0.0,1.0,0.0,0.0,0.0
U0831,7,0.0,0.0,0.0,0.0,0.0,0.0,0.0,1.0,0.0,0.0
U0832,8,0.0,0.0,0.0,0.0,0.0,0.0,0.0,0.0,1.0,0.0
U0833,3,0.0,0.0,0.0,1.0,0.0,0.0,1.3817601297843196e-303,0.0,0.0,0.0
U0834,1,0.0,1.0,0.0,0.0,0.0,0.0,0.0,0.0,0.0,0.0
U0835,4,0.0,0.0,0.0,0.0,1.0,0.0,0.0,0.0,0.0,0.0
U0836,1,0.0,1.0,0.0,0.0,0.0,0.0,0.0,0.0,0.0,0.0
U0837,4,0.0,1.7159953192233424e-255,0.0,0.0,1.0,0.0,0.0,0.0,0.0,0.0
U0838,4,0.0,3.909066661305167e-62,0.0,0.0,1.0,0.0,0.0,0.0,0.0,0.0
U0839,1,0.0,1.0,0.0,0.0,0.0,0.0,0.0,0.0,0.0,0.0
U0840,5,0.0,0.0,0.0,0.0,0.0,1.0,0.0,0.0,0.0,0.0
U0841,4,0.0,7.117090123757818e-98,0.0,0.0,1.0,0.0,0.0,0.0,0.0,0.0
U0842,3,0.0,0.0,0.0,1.0,0.0,0.0,0.0,0.0,0.0,0.0
U0843,9,0.0,0.0,0.0,0.0,0.0,0.0,0.0,0.0,0.0,1.0
U0844,0,1.0,0.0,0.0,0.0,0.0,0.0,0.0,0.0,0.0,0.0
U0845,6,0.0,0.0,0.0,0.0,0.0,0.0,1.0,0.0,7.006698834928377e-235,0.0
U0846,3,0.0,0.0,0.0,1.0,0.0,0.0,0.0,0.0,0.0,0.0
U0847,4,0.0,3.1289155698182374e-286,0.0,0.0,1.0,0.0,0.0,0.0,0.0,0.0
U0848,4,0.0,8.654634446610613e-72,0.0,0.0,1.0,0.0,0.0,0.0,0.0,0.0
U0849,5,0.0,0.0,0.0,0.0,0.0,1.0,0.0,0.0,0.0,0.0
U0850,6,0.0,1.494719665161918e-79,0.0,0.0,0.0,0.0,1.0,0.0,0.0,0.0
U0851,1,0.0,1.0,0.0,0.0,0.0,0.0,1.796441940967782e-211,0.0,0.0,0.0
U0852,1,0.0,1.0,0.0,0.0,0.0,0.0,0.0,0.0,0.0,0.0
U0853,9,0.0,0.0,0.0,0.0,0.0,0.0,0.0,0.0,0.0,1.0
U0854,1,0.0,1.0,0.0,0.0,0.0,0.0,0.0,0.0,0.0,0.0
U0855,7,0.0,0.0,0.0,0.0,0.0,0.0,0.0,1.0,1.9794687604465e-311,0.0
U0856,0,1.0,0.0,0.0,0.0,0.0,0.0,0.0,0.0,0.0,0.0
U0857,0,1.0,0.0,0.0,0.0,0.0,0.0,0.0,0.0,8.043567910148202e-229,0.0
U0858,1,0.0,1.0,0.0,0.0,0.0,0.0,0.0,0.0,0.0,0.0
U0859,8,0.0,0.0,0.0,0.0,0.0,0.0,2.8953411817622015e-178,0.0,1.0,0.0
U0860,2,0.0,0.0,1.0,0.0,0.0,0.0,0.0,0.0,0.0,0.0
U0861,0,1.0,0.0,0.0,0.0,0.0,0.0,0.0,0.0,0.0,0.0
U0862,7,0.0,0.0,0.0,0.0,0.0,0.0,0.0,1.0,0.0,0.0
U0863,1,0.0,1.0,0.0,0.0,0.0,0.0,0.0,0.0,0.0,0.0
U0864,7,0.0,0.0,0.0,0.0,0.0,0.0,0.0,1.0,6.554204125058305e-269,0.0
U0865,0,1.0,0.0,0.0,0.0,0.0,0.0,0.0,0.0,1.397885856622104e-252,0.0
U0866,1,0.0,1.0,0.0,0.0,0.0,0.0,0.0,0.0,0.0,0.0
U0867,7,0.0,0.0,0.0,0.0,0.0,0.0,0.0,1.0,0.0,0.0
U0868,8,0.0,0.0,0.0,0.0,0.0,0.0,1.3243043465974418e-182,0.0,1.0,0.0
U0869,0,1.0,0.0,0.0,0.0,0.0,0.0,0.0,0.0,5.401939970624737e-267,0.0
U0870,1,0.0,1.0,0.0,0.0,0.0,0.0,8.683630445361085e-174,0.0,0.0,0.0
U0871,7,0.0,0.0,0.0,0.0,0.0,0.0,0.0,1.0,0.0,0.0
U0872,1,0.0,1.0,0.0,0.0,0.0,0.0,0.0,0.0,0.0,0.0
U0873,4,0.0,0.0,0.0,0.0,1.0,0.0,0.0,0.0,0.0,0.0
U0874,2,0.0,0.0,1.0,0.0,0.0,0.0,1.2440063952457124e-264,0.0,0.0,0.0
U0875,5,0.0,0.0,0.0,0.0,0.0,1.0,0.0,0.0,0.0,0.0
U0876,5,0.0,0.0,0.0,0.0,0.0,1.0,0.0,0.0,9.061480076556851e-250,0.0
U0877,1,0.0,1.0,0.0,0.0,0.0,0.0,0.0,0.0,0.0,0.0
U0878,0,1.0,3.971927519099038e-126,0.0,0.0,0.0,0.0,0.0,0.0,0.0,0.0
U0879,5,0.0,0.0,0.0,0.0,0.0,1.0,0.0,0.0,1.1300969039413537e-299,0.0
U0880,4,0.0,0.0,0.0,0.0,1.0,0.0,0.0,0.0,0.0,0.0
U0881,4,0.0,1.5896449687946205e-127,0.0,0.0,1.0,0.0,0.0,0.0,0.0,0.0
U0882,9,0.0,0.0,0.0,0.0,0.0,0.0,0.0,0.0,0.0,1.0
U0883,4,0.0,2.369314106221774e-131,0.0,0.0,1.0,0.0,0.0,0.0,0.0,0.0
U0884,6,0.0,0.0,0.0,0.0,0.0,0.0,1.0,0.0,5.329071134325611e-173,0.0
U0885,6,0.0,0.0,0.0,0.0,0.0,0.0,1.0,0.0,0.0,0.0
U0886,0,1.0,0.0,0.0,0.0,0.0,0.0,0.0,0.0,0.0,0.0
U0887,1,0.0,1.0,0.0,0.0,0.0,0.0,0.0,0.0,0.0,0.0
U0888,1,0.0,1.0,0.0,0.0,0.0,0.0,0.0,0.0,0.0,0.0
U0889,6,0.0,0.0,0.0,0.0,0.0,0.0,1.0,0.0,1.3130316327890399e-193,0.0
U0890,1,0.0,1.0,0.0,0.0,0.0,0.0,0.0,0.0,0.0,0.0
U0891,1,0.0,1.0,0.0,0.0,0.0,0.0,0.0,0.0,0.0,0.0
U0892,0,1.0,0.0,0.0,0.0,0.0,0.0,0.0,0.0,0.0,0.0
U0893,7,0.0,0.0,0.0,0.0,0.0,0.0,0.0,1.0,0.0,0.0
U0894,5,0.0,0.0,0.0,0.0,0.0,1.0,0.0,0.0,0.0,0.0
U0895,0,1.0,0.0,0.0,0.0,0.0,0.0,0.0,0.0,0.0,0.0
U0896,4,0.0,1.337855067767226e-72,0.0,0.0,1.0,0.0,0.0,0.0,0.0,0.0
U0897,0,1.0,0.0,0.0,0.0,0.0,0.0,0.0,0.0,0.0,0.0
U0898,8,0.0,0.0,0.0,0.0,0.0,0.0,8.426567806230004e-309,0.0,1.0,0.0
U0899,4,0.0,0.0,0.0,0.0,1.0,0.0,0.0,0.0,0.0,0.0
U0900,3,0.0,0.0,0.0,1.0,0.0,0.0,0.0,0.0,2.6090045239376554e-247,0.0
U0901,3,0.0,0.0,0.0,1.0,0.0,0.0,0.0,0.0,5.2050302952043025e-200,0.0
U0902,7,0.0,0.0,0.0,0.0,0.0,0.0,0.0,1.0,0.0,0.0
U0903,8,0.0,0.0,0.0,0.0,0.0,0.0,0.0,0.0,1.0,0.0
U0904,9,0.0,0.0,0.0,0.0,0.0,0.0,0.0,0.0,0.0,1.0
U0905,9,0.0,0.0,0.0,0.0,0.0,0.0,0.0,0.0,7.02149634096e-312,1.0
U0906,8,0.0,0.0,0.0,0.0,0.0,0.0,3.102718041892477e-218,0.0,1.0,0.0
U0907,6,0.0,0.0,0.0,0.0,0.0,0.0,1.0,0.0,9.58993345198653e-192,0.0
U0908,1,0.0,1.0,0.0,0.0,0.0,0.0,0.0,0.0,0.0,0.0
U0909,4,0.0,0.0,0.0,0.0,1.0,0.0,0.0,0.0,0.0,0.0
U0910,1,0.0,1.0,0.0,0.0,0.0,0.0,0.0,0.0,0.0,0.0
U0911,5,0.0,0.0,0.0,0.0,0.0,1.0,0.0,0.0,3.1072327822001806e-192,0.0
U0912,7,0.0,0.0,0.0,0.0,0.0,0.0,0.0,1.0,0.0,0.0
U0913,1,0.0,1.0,0.0,0.0,0.0,0.0,6.393352176785831e-165,0.0,0.0,0.0
U0914,5,0.0,0.0,0.0,0.0,0.0,1.0,0.0,0.0,7.900446532522345e-306,0.0
U0915,7,0.0,0.0,0.0,0.0,0.0,0.0,0.0,1.0,0.0,0.0
U0916,4,0.0,2.425732147172432e-175,0.0,0.0,1.0,0.0,0.0,0.0,0.0,0.0
U0917,1,0.0,1.0,0.0,0.0,0.0,0.0,0.0,0.0,0.0,0.0
U0918,5,0.0,0.0,0.0,0.0,0.0,1.0,0.0,0.0,1.1544767622591372e-281,0.0
U0919,7,0.0,0.0,0.0,0.0,0.0,0.0,0.0,1.0,0.0,0.0
U0920,7,0.0,0.0,0.0,0.0,0.0,0.0,0.0,1.0,0.0,0.0
U0921,4,0.0,0.0,0.0,0.0,1.0,0.0,0.0,0.0,0.0,0.0
U0922,3,0.0,0.0,0.0,1.0,0.0,0.0,0.0,0.0,1.8611822148247035e-296,0.0
U0923,0,1.0,0.0,0.0,0.0,0.0,0.0,0.0,0.0,0.0,0.0
U0924,8,0.0,0.0,0.0,0.0,0.0,0.0,1.2530522071402197e-225,0.0,1.0,0.0
U0925,8,0.0,0.0,0.0,0.0,0.0,0.0,2.0828853912618335e-222,0.0,1.0,0.0
U0926,8,0.0,0.0,0.0,0.0,0.0,0.0,0.0,0.0,1.0,0.0
U0927,6,0.0,0.0,0.0,0.0,0.0,0.0,1.0,0.0,9.135512945140043e-297,0.0
U0928,8,0.0,0.0,0.0,0.0,0.0,0.0,0.0,0.0,1.0,0.0
U0929,2,0.0,0.0,1.0,0.0,0.0,0.0,5.0602896346102357e-188,0.0,0.0,0.0
U0930,2,0.0,0.0,1.0,0.0,0.0,0.0,0.0,0.0,0.0,0.0
U0931,6,0.0,0.0,0.0,0.0,0.0,0.0,1.0,0.0,0.0,0.0
U0932,3,0.0,0.0,0.0,1.0,0.0,0.0,0.0,0.0,0.0,0.0
U0933,5,0.0,0.0,0.0,0.0,0.0,1.0,0.0,0.0,0.0,0.0
U0934,0,1.0,0.0,0.0,0.0,0.0,0.0,0.0,0.0,0.0,0.0
U0935,6,0.0,1.2653060524175244e-55,0.0,0.0,0.0,0.0,1.0,0.0,0.0,0.0
U0936,8,0.0,0.0,0.0,0.0,0.0,0.0,5.766048305776856e-193,0.0,1.0,0.0
U0937,8,0.0,0.0,0.0,0.0,0.0,0.0,5.461895978456915e-262,0.0,1.0,0.0
U0938,8,0.0,0.0,0.0,0.0,0.0,0.0,4.847324863036885e-159,0.0,1.0,0.0
U0939,4,0.0,1.7582833250696067e-220,0.0,0.0,1.0,0.0,0.0,0.0,0.0,0.0
U0940,2,0.0,0.0,1.0,0.0,0.0,0.0,2.905007e-318,0.0,7.489316688292013e-293,0.0
U0941,0,1.0,0.0,0.0,0.0,0.0,0.0,0.0,0.0,0.0,0.0
U0942,1,0.0,1.0,0.0,0.0,0.0,0.0,4.440864384947e-311,0.0,0.0,0.0
U0943,8,0.0,0.0,0.0,0.0,0.0,0.0,0.0,0.0,1.0,0.0
U0944,0,1.0,0.0,0.0,0.0,0.0,0.0,0.0,0.0,0.0,0.0
U0945,4,0.0,6.51586997827133e-173,0.0,0.0,1.0,0.0,0.0,0.0,0.0,0.0
U0946,2,0.0,0.0,1.0,0.0,0.0,0.0,0.0,0.0,0.0,0.0
U0947,1,0.0,1.0,0.0,0.0,0.0,0.0,0.0,0.0,0.0,0.0
U0948,8,0.0,0.0,0.0,0.0,0.0,0.0,0.0,0.0,1.0,0.0
U0949,6,0.0,2.015216493769089e-83,0.0,0.0,0.0,0.0,1.0,0.0,0.0,0.0
U0950,9,0.0,0.0,0.0,0.0,0.0,0.0,0.0,0.0,5.684535280850286e-260,1.0
U0951,1,0.0,1.0,0.0,0.0,0.0,0.0,0.0,0.0,0.0,0.0
U0952,7,0.0,0.0,0.0,0.0,0.0,0.0,0.0,1.0,0.0,0.0
U0953,4,0.0,0.0,0.0,0.0,1.0,0.0,0.0,0.0,0.0,0.0
U0954,1,0.0,1.0,0.0,0.0,0.0,0.0,1.3535855990335802e-253,0.0,0.0,0.0
U0955,5,0.0,0.0,0.0,0.0,0.0,1.0,0.0,0.0,0.0,0.0
U0956,3,0.0,0.0,0.0,1.0,0.0,0.0,0.0,0.0,0.0,0.0
U0957,8,0.0,0.0,0.0,0.0,0.0,0.0,1.814396756435e-312,0.0,1.0,0.0
U0958,1,0.0,1.0,0.0,0.0,0.0,0.0,0.0,0.0,0.0,0.0
U0959,5,0.0,0.0,0.0,0.0,0.0,1.0,0.0,0.0,0.0,0.0
U0960,6,0.0,2.987378125597762e-135,0.0,0.0,0.0,0.0,1.0,0.0,0.0,0.0
U0961,8,0.0,0.0,0.0,0.0,0.0,0.0,5.3542008593297115e-188,0.0,1.0,0.0
U0962,1,0.0,1.0,0.0,0.0,0.0,0.0,0.0,0.0,0.0,0.0
U0963,6,0.0,1.854324215299543e-90,0.0,0.0,0.0,0.0,1.0,0.0,0.0,0.0
U0964,4,0.0,3.471603889122479e-169,0.0,0.0,1.0,0.0,0.0,0.0,0.0,0.0
U0965,6,0.0,9.142159115035904e-92,0.0,0.0,0.0,0.0,1.0,0.0,0.0,0.0
U0966,1,0.0,1.0,0.0,0.0,0.0,0.0,0.0,0.0,0.0,0.0
U0967,8,0.0,0.0,0.0,0.0,0.0,0.0,0.0,0.0,1.0,0.0
U0968,2,0.0,0.0,1.0,0.0,0.0,0.0,3.149586800977444e-261,0.0,0.0,0.0
U0969,5,0.0,0.0,0.0,0.0,0.0,1.0,0.0,0.0,0.0,0.0
U0970,8,0.0,0.0,0.0,0.0,0.0,0.0,1.6531044940270716e-42,0.0,1.0,0.0
U0971,8,0.0,0.0,0.0,0.0,0.0,0.0,0.0,0.0,1.0,0.0
U0972,4,0.0,0.0,0.0,0.0,1.0,0.0,0.0,0.0,0.0,0.0
U0973,8,0.0,0.0,0.0,0.0,0.0,0.0,0.0,0.0,1.0,0.0
U0974,9,0.0,0.0,0.0,0.0,0.0,0.0,0.0,0.0,5.853293810410327e-250,1.0
U0975,1,0.0,1.0,0.0,0.0,0.0,0.0,0.0,0.0,0.0,0.0
U0976,1,0.0,1.0,0.0,0.0,0.0,0.0,0.0,0.0,0.0,0.0
U0977,5,0.0,7.199439086868924e-211,0.0,0.0,0.0,1.0,0.0,0.0,0.0,0.0
U0978,3,0.0,0.0,0.0,1.0,0.0,0.0,0.0,0.0,0.0,0.0
U0979,6,0.0,0.0,0.0,0.0,0.0,0.0,1.0,0.0,1.8627984433424226e-110,0.0
U0980,7,0.0,0.0,0.0,0.0,0.0,0.0,0.0,1.0,0.0,0.0
U0981,1,0.0,1.0,0.0,0.0,0.0,0.0,0.0,0.0,0.0,0.0
U0982,9,0.0,0.0,0.0,0.0,0.0,0.0,0.0,0.0,2.2548313083078224e-253,1.0
U0983,4,0.0,2.4427002526572935e-105,0.0,0.0,1.0,0.0,0.0,0.0,0.0,0.0
U0984,7,0.0,0.0,0.0,0.0,0.0,0.0,0.0,1.0,0.0,0.0
U0985,9,0.0,0.0,0.0,0.0,0.0,0.0,7.303371583899476e-264,0.0,9.963695956992583e-276,1.0
U0986,2,0.0,2.3478473500307517e-106,1.0,0.0,0.0,0.0,7.864853604192442e-266,0.0,0.0,0.0
U0987,9,0.0,0.0,0.0,0.0,0.0,0.0,7.874874819166172e-290,0.0,1.7322944705055315e-187,1.0
U0988,4,0.0,0.0,0.0,0.0,1.0,0.0,0.0,0.0,0.0,0.0
U0989,1,0.0,1.0,0.0,0.0,0.0,0.0,0.0,0.0,0.0,0.0
U0990,1,0.0,1.0,0.0,0.0,0.0,0.0,0.0,0.0,0.0,0.0
U0991,0,1.0,0.0,0.0,0.0,0.0,0.0,0.0,0.0,1.1044062865229562e-227,0.0
U0992,0,1.0,0.0,0.0,0.0,0.0,0.0,0.0,0.0,0.0,0.0
U0993,8,0.0,0.0,0.0,0.0,0.0,0.0,0.0,0.0,1.0,0.0
U0994,6,0.0,6.77150804525636e-88,0.0,0.0,0.0,0.0,1.0,0.0,0.0,0.0
U0995,1,0.0,1.0,0.0,0.0,0.0,0.0,0.0,0.0,0.0,0.0
U0996,1,0.0,1.0,0.0,0.0,0.0,0.0,0.0,0.0,0.0,0.0
U0997,9,0.0,0.0,0.0,0.0,0.0,0.0,0.0,0.0,0.0,1.0
U0998,3,0.0,0.0,0.0,1.0,0.0,0.0,8.822204198123736e-229,0.0,0.0,0.0
U0999,5,0.0,0.0,0.0,0.0,0.0,1.0,0.0,0.0,0.0,0.0
U1000,2,0.0,9.015259614269176e-308,1.0,0.0,0.0,0.0,6.982169439576464e-223,0.0,0.0,0.0
